date,publication_count,weekday
2006-12-20,1,Wednesday
2007-03-17,1,Saturday
2007-05-07,1,Monday
2007-11-28,1,Wednesday
2008-03-17,1,Monday
2008-03-19,1,Wednesday
2008-04-04,2,Friday
2008-04-10,2,Thursday
2008-04-12,1,Saturday
2008-04-15,1,Tuesday
2008-04-16,6,Wednesday
2008-04-17,1,Thursday
2008-04-25,1,Friday
2008-04-29,2,Tuesday
2008-04-30,1,Wednesday
2008-05-01,3,Thursday
2008-05-02,6,Friday
2008-05-05,1,Monday
2008-05-06,1,Tuesday
2008-05-07,3,Wednesday
2008-05-08,3,Thursday
2008-05-12,1,Monday
2008-05-13,1,Tuesday
2008-05-14,3,Wednesday
2008-05-15,1,Thursday
2008-05-16,1,Friday
2008-05-17,2,Saturday
2008-05-18,7,Sunday
2008-05-20,1,Tuesday
2008-05-21,1,Wednesday
2008-05-22,3,Thursday
2008-05-23,3,Friday
2008-05-24,1,Saturday
2008-05-26,1,Monday
2008-05-28,1,Wednesday
2008-06-03,1,Tuesday
2008-06-08,1,Sunday
2008-06-17,1,Tuesday
2008-06-25,1,Wednesday
2008-07-01,1,Tuesday
2008-07-16,1,Wednesday
2008-07-18,1,Friday
2008-07-21,2,Monday
2008-08-11,1,Monday
2008-08-15,2,Friday
2008-08-16,1,Saturday
2008-08-19,1,Tuesday
2008-08-22,1,Friday
2008-08-30,1,Saturday
2008-09-04,1,Thursday
2008-09-06,1,Saturday
2008-09-08,1,Monday
2008-09-14,1,Sunday
2008-09-19,1,Friday
2008-09-22,2,Monday
2008-09-26,1,Friday
2008-09-30,1,Tuesday
2008-10-02,1,Thursday
2008-10-05,1,Sunday
2008-10-07,1,Tuesday
2008-10-24,1,Friday
2008-10-27,1,Monday
2008-10-30,1,Thursday
2008-11-06,1,Thursday
2008-11-10,1,Monday
2008-11-12,1,Wednesday
2008-11-29,1,Saturday
2008-12-05,1,Friday
2008-12-06,1,Saturday
2008-12-08,1,Monday
2008-12-09,1,Tuesday
2008-12-12,1,Friday
2008-12-17,1,Wednesday
2008-12-20,1,Saturday
2008-12-22,1,Monday
2008-12-24,1,Wednesday
2008-12-25,1,Thursday
2008-12-26,3,Friday
2008-12-27,1,Saturday
2008-12-29,1,Monday
2009-01-08,1,Thursday
2009-01-15,2,Thursday
2009-01-16,1,Friday
2009-01-19,1,Monday
2009-01-21,1,Wednesday
2009-01-28,1,Wednesday
2009-02-11,1,Wednesday
2009-02-17,1,Tuesday
2009-02-25,1,Wednesday
2009-03-13,1,Friday
2009-03-18,2,Wednesday
2009-03-19,1,Thursday
2009-03-20,1,Friday
2009-03-22,1,Sunday
2009-03-24,2,Tuesday
2009-03-25,1,Wednesday
2009-03-26,2,Thursday
2009-03-27,2,Friday
2009-03-30,1,Monday
2009-04-08,1,Wednesday
2009-04-09,1,Thursday
2009-04-12,1,Sunday
2009-04-23,1,Thursday
2009-05-12,1,Tuesday
2009-05-21,1,Thursday
2009-05-23,1,Saturday
2009-06-04,1,Thursday
2009-06-07,2,Sunday
2009-06-08,2,Monday
2009-06-17,1,Wednesday
2009-06-22,1,Monday
2009-07-01,1,Wednesday
2009-07-03,1,Friday
2009-07-17,1,Friday
2009-07-22,1,Wednesday
2009-08-01,1,Saturday
2009-08-02,1,Sunday
2009-08-05,1,Wednesday
2009-08-12,1,Wednesday
2009-08-14,1,Friday
2009-08-18,2,Tuesday
2009-08-23,1,Sunday
2009-08-25,2,Tuesday
2009-08-27,3,Thursday
2009-08-29,3,Saturday
2009-09-02,1,Wednesday
2009-09-04,2,Friday
2009-09-07,1,Monday
2009-09-08,1,Tuesday
2009-09-10,2,Thursday
2009-09-15,1,Tuesday
2009-09-17,1,Thursday
2009-09-18,2,Friday
2009-09-19,2,Saturday
2009-09-21,1,Monday
2009-09-22,1,Tuesday
2009-09-24,1,Thursday
2009-10-04,1,Sunday
2009-10-07,1,Wednesday
2009-10-11,1,Sunday
2009-10-13,1,Tuesday
2009-10-14,1,Wednesday
2009-10-23,1,Friday
2009-10-26,1,Monday
2009-10-27,1,Tuesday
2009-11-04,1,Wednesday
2009-11-11,1,Wednesday
2009-11-14,1,Saturday
2009-11-16,1,Monday
2009-11-18,1,Wednesday
2009-11-23,1,Monday
2009-12-01,1,Tuesday
2009-12-04,1,Friday
2009-12-08,1,Tuesday
2009-12-10,2,Thursday
2009-12-11,1,Friday
2009-12-12,1,Saturday
2009-12-13,1,Sunday
2009-12-14,1,Monday
2009-12-15,2,Tuesday
2009-12-18,1,Friday
2009-12-21,1,Monday
2009-12-25,1,Friday
2009-12-28,1,Monday
2010-01-07,1,Thursday
2010-01-08,1,Friday
2010-01-09,3,Saturday
2010-01-10,2,Sunday
2010-01-11,2,Monday
2010-01-12,3,Tuesday
2010-01-13,1,Wednesday
2010-01-14,1,Thursday
2010-01-15,1,Friday
2010-01-16,1,Saturday
2010-01-17,1,Sunday
2010-01-19,2,Tuesday
2010-01-21,1,Thursday
2010-01-24,3,Sunday
2010-01-27,2,Wednesday
2010-01-28,1,Thursday
2010-01-29,1,Friday
2010-01-31,1,Sunday
2010-02-01,1,Monday
2010-02-02,3,Tuesday
2010-02-03,2,Wednesday
2010-02-04,2,Thursday
2010-02-05,3,Friday
2010-02-06,3,Saturday
2010-02-09,2,Tuesday
2010-02-10,1,Wednesday
2010-02-11,1,Thursday
2010-02-12,3,Friday
2010-02-13,3,Saturday
2010-02-14,1,Sunday
2010-02-15,2,Monday
2010-02-16,2,Tuesday
2010-02-17,1,Wednesday
2010-02-18,1,Thursday
2010-02-19,1,Friday
2010-02-22,1,Monday
2010-02-23,1,Tuesday
2010-02-24,1,Wednesday
2010-02-25,1,Thursday
2010-03-02,4,Tuesday
2010-03-04,2,Thursday
2010-03-05,1,Friday
2010-03-08,1,Monday
2010-03-09,1,Tuesday
2010-03-10,1,Wednesday
2010-03-12,2,Friday
2010-03-13,2,Saturday
2010-03-14,1,Sunday
2010-03-16,2,Tuesday
2010-03-23,2,Tuesday
2010-03-24,1,Wednesday
2010-03-26,2,Friday
2010-03-31,1,Wednesday
2010-04-01,2,Thursday
2010-04-02,1,Friday
2010-04-04,1,Sunday
2010-04-09,2,Friday
2010-04-10,2,Saturday
2010-04-11,1,Sunday
2010-04-13,1,Tuesday
2010-04-14,2,Wednesday
2010-04-16,2,Friday
2010-04-21,1,Wednesday
2010-04-24,1,Saturday
2010-04-26,1,Monday
2010-05-05,2,Wednesday
2010-05-11,1,Tuesday
2010-05-13,1,Thursday
2010-05-19,1,Wednesday
2010-05-20,2,Thursday
2010-05-22,1,Saturday
2010-05-25,2,Tuesday
2010-05-27,1,Thursday
2010-05-30,1,Sunday
2010-05-31,2,Monday
2010-06-01,1,Tuesday
2010-06-03,1,Thursday
2010-06-07,1,Monday
2010-06-09,1,Wednesday
2010-06-14,1,Monday
2010-06-17,2,Thursday
2010-06-18,1,Friday
2010-06-24,3,Thursday
2010-06-28,1,Monday
2010-06-29,1,Tuesday
2010-06-30,1,Wednesday
2010-07-01,4,Thursday
2010-07-02,1,Friday
2010-07-05,1,Monday
2010-07-06,1,Tuesday
2010-07-08,1,Thursday
2010-07-12,1,Monday
2010-07-13,1,Tuesday
2010-07-19,1,Monday
2010-07-25,1,Sunday
2010-07-29,1,Thursday
2010-07-30,1,Friday
2010-08-06,1,Friday
2010-08-08,1,Sunday
2010-08-11,3,Wednesday
2010-08-12,1,Thursday
2010-08-13,1,Friday
2010-08-14,2,Saturday
2010-08-15,1,Sunday
2010-08-19,1,Thursday
2010-08-23,1,Monday
2010-08-24,1,Tuesday
2010-08-31,2,Tuesday
2010-09-01,2,Wednesday
2010-09-03,1,Friday
2010-09-06,5,Monday
2010-09-28,1,Tuesday
2010-10-06,1,Wednesday
2010-10-07,1,Thursday
2010-10-08,1,Friday
2010-10-09,1,Saturday
2010-10-11,1,Monday
2010-10-12,1,Tuesday
2010-10-14,1,Thursday
2010-10-15,1,Friday
2010-10-22,1,Friday
2010-10-24,1,Sunday
2010-10-25,1,Monday
2010-10-28,1,Thursday
2010-10-29,1,Friday
2010-10-30,1,Saturday
2010-11-01,1,Monday
2010-11-06,4,Saturday
2010-11-07,2,Sunday
2010-11-10,3,Wednesday
2010-11-12,1,Friday
2010-11-13,2,Saturday
2010-11-14,1,Sunday
2010-11-15,2,Monday
2010-11-17,2,Wednesday
2010-11-20,2,Saturday
2010-11-22,2,Monday
2010-11-23,1,Tuesday
2010-11-24,3,Wednesday
2010-11-26,1,Friday
2010-11-28,1,Sunday
2010-11-30,1,Tuesday
2010-12-01,2,Wednesday
2010-12-03,1,Friday
2010-12-05,2,Sunday
2010-12-06,1,Monday
2010-12-08,1,Wednesday
2010-12-09,1,Thursday
2010-12-13,3,Monday
2010-12-14,1,Tuesday
2010-12-19,1,Sunday
2010-12-20,4,Monday
2010-12-21,2,Tuesday
2010-12-22,1,Wednesday
2010-12-23,2,Thursday
2010-12-25,1,Saturday
2010-12-30,3,Thursday
2011-01-02,1,Sunday
2011-01-04,1,Tuesday
2011-01-06,1,Thursday
2011-01-07,1,Friday
2011-01-08,2,Saturday
2011-01-10,1,Monday
2011-01-11,7,Tuesday
2011-01-13,3,Thursday
2011-01-14,3,Friday
2011-01-15,1,Saturday
2011-01-17,3,Monday
2011-01-18,4,Tuesday
2011-01-19,1,Wednesday
2011-01-21,1,Friday
2011-01-25,1,Tuesday
2011-01-26,2,Wednesday
2011-01-27,2,Thursday
2011-01-28,2,Friday
2011-01-29,1,Saturday
2011-01-30,1,Sunday
2011-02-01,1,Tuesday
2011-02-02,2,Wednesday
2011-02-04,1,Friday
2011-02-07,3,Monday
2011-02-08,1,Tuesday
2011-02-09,1,Wednesday
2011-02-12,1,Saturday
2011-02-14,4,Monday
2011-02-16,1,Wednesday
2011-02-17,1,Thursday
2011-02-18,2,Friday
2011-02-21,4,Monday
2011-02-22,2,Tuesday
2011-02-23,2,Wednesday
2011-02-26,1,Saturday
2011-02-28,5,Monday
2011-03-02,1,Wednesday
2011-03-03,1,Thursday
2011-03-04,1,Friday
2011-03-05,2,Saturday
2011-03-06,1,Sunday
2011-03-08,1,Tuesday
2011-03-09,1,Wednesday
2011-03-10,1,Thursday
2011-03-11,1,Friday
2011-03-13,6,Sunday
2011-03-14,6,Monday
2011-03-15,1,Tuesday
2011-03-16,1,Wednesday
2011-03-17,1,Thursday
2011-03-18,2,Friday
2011-03-20,1,Sunday
2011-03-21,1,Monday
2011-03-24,1,Thursday
2011-03-25,1,Friday
2011-03-26,2,Saturday
2011-03-29,1,Tuesday
2011-03-30,2,Wednesday
2011-04-01,1,Friday
2011-04-04,2,Monday
2011-04-05,3,Tuesday
2011-04-06,2,Wednesday
2011-04-07,2,Thursday
2011-04-09,1,Saturday
2011-04-10,2,Sunday
2011-04-11,1,Monday
2011-04-12,2,Tuesday
2011-04-13,2,Wednesday
2011-04-14,2,Thursday
2011-04-18,2,Monday
2011-04-19,2,Tuesday
2011-04-20,2,Wednesday
2011-04-21,2,Thursday
2011-04-22,2,Friday
2011-04-24,1,Sunday
2011-04-26,4,Tuesday
2011-04-27,1,Wednesday
2011-04-28,2,Thursday
2011-04-29,1,Friday
2011-05-01,2,Sunday
2011-05-02,2,Monday
2011-05-03,1,Tuesday
2011-05-04,2,Wednesday
2011-05-05,3,Thursday
2011-05-06,2,Friday
2011-05-07,1,Saturday
2011-05-08,1,Sunday
2011-05-09,2,Monday
2011-05-10,3,Tuesday
2011-05-11,1,Wednesday
2011-05-12,3,Thursday
2011-05-16,2,Monday
2011-05-18,1,Wednesday
2011-05-20,2,Friday
2011-05-22,1,Sunday
2011-05-24,4,Tuesday
2011-05-25,1,Wednesday
2011-05-29,3,Sunday
2011-05-31,1,Tuesday
2011-06-01,2,Wednesday
2011-06-02,4,Thursday
2011-06-03,3,Friday
2011-06-05,2,Sunday
2011-06-06,1,Monday
2011-06-07,1,Tuesday
2011-06-08,2,Wednesday
2011-06-09,1,Thursday
2011-06-10,1,Friday
2011-06-13,1,Monday
2011-06-14,1,Tuesday
2011-06-15,2,Wednesday
2011-06-16,3,Thursday
2011-06-20,2,Monday
2011-06-21,2,Tuesday
2011-06-23,2,Thursday
2011-06-24,2,Friday
2011-06-25,1,Saturday
2011-06-26,2,Sunday
2011-06-27,2,Monday
2011-06-29,1,Wednesday
2011-06-30,2,Thursday
2011-07-02,2,Saturday
2011-07-04,3,Monday
2011-07-05,1,Tuesday
2011-07-07,1,Thursday
2011-07-08,3,Friday
2011-07-09,1,Saturday
2011-07-11,2,Monday
2011-07-12,1,Tuesday
2011-07-13,1,Wednesday
2011-07-15,1,Friday
2011-07-17,2,Sunday
2011-07-18,1,Monday
2011-07-21,1,Thursday
2011-07-22,2,Friday
2011-07-25,4,Monday
2011-07-26,1,Tuesday
2011-07-27,1,Wednesday
2011-07-28,2,Thursday
2011-07-30,1,Saturday
2011-08-01,1,Monday
2011-08-02,2,Tuesday
2011-08-05,1,Friday
2011-08-08,2,Monday
2011-08-10,2,Wednesday
2011-08-12,1,Friday
2011-08-14,1,Sunday
2011-08-17,2,Wednesday
2011-08-18,1,Thursday
2011-08-22,1,Monday
2011-08-24,2,Wednesday
2011-08-25,2,Thursday
2011-08-26,2,Friday
2011-08-27,1,Saturday
2011-08-29,3,Monday
2011-08-30,3,Tuesday
2011-08-31,3,Wednesday
2011-09-01,2,Thursday
2011-09-02,1,Friday
2011-09-04,2,Sunday
2011-09-05,3,Monday
2011-09-07,2,Wednesday
2011-09-09,2,Friday
2011-09-10,1,Saturday
2011-09-12,2,Monday
2011-09-13,1,Tuesday
2011-09-15,1,Thursday
2011-09-18,1,Sunday
2011-09-19,1,Monday
2011-09-20,2,Tuesday
2011-09-21,1,Wednesday
2011-09-22,3,Thursday
2011-09-23,1,Friday
2011-09-24,2,Saturday
2011-09-26,2,Monday
2011-09-27,4,Tuesday
2011-09-29,1,Thursday
2011-09-30,1,Friday
2011-10-03,4,Monday
2011-10-05,2,Wednesday
2011-10-06,1,Thursday
2011-10-07,1,Friday
2011-10-08,1,Saturday
2011-10-10,2,Monday
2011-10-11,1,Tuesday
2011-10-12,3,Wednesday
2011-10-14,2,Friday
2011-10-16,1,Sunday
2011-10-17,2,Monday
2011-10-18,4,Tuesday
2011-10-19,4,Wednesday
2011-10-20,3,Thursday
2011-10-21,2,Friday
2011-10-23,1,Sunday
2011-10-24,2,Monday
2011-10-25,1,Tuesday
2011-10-26,1,Wednesday
2011-10-27,2,Thursday
2011-10-30,1,Sunday
2011-11-01,1,Tuesday
2011-11-02,1,Wednesday
2011-11-03,2,Thursday
2011-11-04,1,Friday
2011-11-06,1,Sunday
2011-11-07,1,Monday
2011-11-09,2,Wednesday
2011-11-10,4,Thursday
2011-11-13,1,Sunday
2011-11-15,1,Tuesday
2011-11-16,1,Wednesday
2011-11-17,1,Thursday
2011-11-18,1,Friday
2011-11-21,1,Monday
2011-11-24,1,Thursday
2011-11-25,1,Friday
2011-11-26,1,Saturday
2011-11-27,3,Sunday
2011-11-28,1,Monday
2011-11-29,1,Tuesday
2011-11-30,2,Wednesday
2011-12-01,1,Thursday
2011-12-02,1,Friday
2011-12-05,1,Monday
2011-12-06,2,Tuesday
2011-12-07,2,Wednesday
2011-12-08,1,Thursday
2011-12-11,1,Sunday
2011-12-12,2,Monday
2011-12-13,2,Tuesday
2011-12-14,2,Wednesday
2011-12-16,1,Friday
2011-12-18,1,Sunday
2011-12-19,2,Monday
2011-12-21,1,Wednesday
2011-12-22,3,Thursday
2011-12-23,1,Friday
2011-12-26,1,Monday
2011-12-28,1,Wednesday
2011-12-29,2,Thursday
2012-01-01,1,Sunday
2012-01-02,1,Monday
2012-01-05,1,Thursday
2012-01-07,1,Saturday
2012-01-10,2,Tuesday
2012-01-11,1,Wednesday
2012-01-13,2,Friday
2012-01-14,1,Saturday
2012-01-16,3,Monday
2012-01-17,5,Tuesday
2012-01-18,2,Wednesday
2012-01-19,3,Thursday
2012-01-20,2,Friday
2012-01-21,1,Saturday
2012-01-23,1,Monday
2012-01-24,2,Tuesday
2012-01-25,3,Wednesday
2012-01-26,1,Thursday
2012-01-27,1,Friday
2012-01-29,2,Sunday
2012-01-30,1,Monday
2012-01-31,2,Tuesday
2012-02-01,1,Wednesday
2012-02-02,1,Thursday
2012-02-06,1,Monday
2012-02-08,2,Wednesday
2012-02-09,2,Thursday
2012-02-10,2,Friday
2012-02-12,2,Sunday
2012-02-13,3,Monday
2012-02-14,4,Tuesday
2012-02-15,2,Wednesday
2012-02-16,2,Thursday
2012-02-21,1,Tuesday
2012-02-22,1,Wednesday
2012-02-24,4,Friday
2012-02-25,1,Saturday
2012-02-29,3,Wednesday
2012-03-01,2,Thursday
2012-03-02,1,Friday
2012-03-03,1,Saturday
2012-03-04,1,Sunday
2012-03-05,2,Monday
2012-03-06,2,Tuesday
2012-03-07,2,Wednesday
2012-03-08,1,Thursday
2012-03-09,1,Friday
2012-03-12,1,Monday
2012-03-14,1,Wednesday
2012-03-15,4,Thursday
2012-03-16,5,Friday
2012-03-17,2,Saturday
2012-03-19,2,Monday
2012-03-20,2,Tuesday
2012-03-21,2,Wednesday
2012-03-22,1,Thursday
2012-03-23,3,Friday
2012-03-25,3,Sunday
2012-03-26,1,Monday
2012-03-27,1,Tuesday
2012-03-28,1,Wednesday
2012-03-29,3,Thursday
2012-03-30,4,Friday
2012-04-01,1,Sunday
2012-04-02,3,Monday
2012-04-03,2,Tuesday
2012-04-06,3,Friday
2012-04-08,2,Sunday
2012-04-09,2,Monday
2012-04-10,4,Tuesday
2012-04-12,1,Thursday
2012-04-13,2,Friday
2012-04-15,1,Sunday
2012-04-16,1,Monday
2012-04-17,2,Tuesday
2012-04-18,2,Wednesday
2012-04-19,1,Thursday
2012-04-20,1,Friday
2012-04-22,1,Sunday
2012-04-23,1,Monday
2012-04-24,1,Tuesday
2012-04-25,4,Wednesday
2012-04-26,1,Thursday
2012-04-27,4,Friday
2012-04-30,1,Monday
2012-05-01,1,Tuesday
2012-05-02,3,Wednesday
2012-05-03,1,Thursday
2012-05-04,1,Friday
2012-05-05,3,Saturday
2012-05-08,2,Tuesday
2012-05-09,2,Wednesday
2012-05-11,3,Friday
2012-05-12,1,Saturday
2012-05-13,1,Sunday
2012-05-14,4,Monday
2012-05-15,2,Tuesday
2012-05-16,4,Wednesday
2012-05-17,3,Thursday
2012-05-18,1,Friday
2012-05-19,1,Saturday
2012-05-21,4,Monday
2012-05-22,4,Tuesday
2012-05-23,4,Wednesday
2012-05-24,2,Thursday
2012-05-25,1,Friday
2012-05-26,2,Saturday
2012-05-28,4,Monday
2012-05-29,1,Tuesday
2012-05-30,3,Wednesday
2012-05-31,1,Thursday
2012-06-01,2,Friday
2012-06-02,2,Saturday
2012-06-04,2,Monday
2012-06-05,3,Tuesday
2012-06-06,5,Wednesday
2012-06-07,3,Thursday
2012-06-08,2,Friday
2012-06-09,1,Saturday
2012-06-10,2,Sunday
2012-06-13,2,Wednesday
2012-06-14,1,Thursday
2012-06-15,2,Friday
2012-06-17,2,Sunday
2012-06-18,2,Monday
2012-06-19,2,Tuesday
2012-06-20,3,Wednesday
2012-06-21,1,Thursday
2012-06-22,1,Friday
2012-06-23,2,Saturday
2012-06-24,1,Sunday
2012-06-25,1,Monday
2012-06-26,2,Tuesday
2012-06-27,1,Wednesday
2012-06-28,4,Thursday
2012-06-29,2,Friday
2012-06-30,3,Saturday
2012-07-01,2,Sunday
2012-07-02,1,Monday
2012-07-03,5,Tuesday
2012-07-04,4,Wednesday
2012-07-05,2,Thursday
2012-07-06,3,Friday
2012-07-07,1,Saturday
2012-07-09,1,Monday
2012-07-10,4,Tuesday
2012-07-11,5,Wednesday
2012-07-12,1,Thursday
2012-07-15,2,Sunday
2012-07-16,1,Monday
2012-07-17,1,Tuesday
2012-07-18,2,Wednesday
2012-07-19,1,Thursday
2012-07-20,1,Friday
2012-07-21,1,Saturday
2012-07-23,4,Monday
2012-07-24,2,Tuesday
2012-07-25,2,Wednesday
2012-07-26,2,Thursday
2012-07-27,1,Friday
2012-07-30,5,Monday
2012-07-31,5,Tuesday
2012-08-01,2,Wednesday
2012-08-02,1,Thursday
2012-08-03,2,Friday
2012-08-04,3,Saturday
2012-08-05,1,Sunday
2012-08-06,7,Monday
2012-08-07,6,Tuesday
2012-08-08,5,Wednesday
2012-08-09,2,Thursday
2012-08-10,4,Friday
2012-08-12,2,Sunday
2012-08-13,4,Monday
2012-08-14,2,Tuesday
2012-08-15,1,Wednesday
2012-08-16,3,Thursday
2012-08-17,4,Friday
2012-08-20,3,Monday
2012-08-22,3,Wednesday
2012-08-23,2,Thursday
2012-08-24,3,Friday
2012-08-25,2,Saturday
2012-08-26,1,Sunday
2012-08-27,7,Monday
2012-08-28,6,Tuesday
2012-08-29,7,Wednesday
2012-08-30,6,Thursday
2012-08-31,6,Friday
2012-09-01,1,Saturday
2012-09-02,4,Sunday
2012-09-03,1,Monday
2012-09-04,6,Tuesday
2012-09-05,2,Wednesday
2012-09-06,2,Thursday
2012-09-07,1,Friday
2012-09-08,1,Saturday
2012-09-10,1,Monday
2012-09-11,2,Tuesday
2012-09-12,3,Wednesday
2012-09-13,2,Thursday
2012-09-14,3,Friday
2012-09-15,5,Saturday
2012-09-16,4,Sunday
2012-09-17,2,Monday
2012-09-18,5,Tuesday
2012-09-19,4,Wednesday
2012-09-20,3,Thursday
2012-09-23,1,Sunday
2012-09-24,4,Monday
2012-09-25,2,Tuesday
2012-09-27,3,Thursday
2012-09-28,4,Friday
2012-09-30,2,Sunday
2012-10-01,5,Monday
2012-10-02,3,Tuesday
2012-10-03,1,Wednesday
2012-10-04,1,Thursday
2012-10-05,8,Friday
2012-10-07,2,Sunday
2012-10-08,3,Monday
2012-10-10,4,Wednesday
2012-10-11,2,Thursday
2012-10-12,2,Friday
2012-10-13,1,Saturday
2012-10-14,1,Sunday
2012-10-15,5,Monday
2012-10-16,5,Tuesday
2012-10-17,2,Wednesday
2012-10-18,3,Thursday
2012-10-19,2,Friday
2012-10-20,2,Saturday
2012-10-21,1,Sunday
2012-10-22,5,Monday
2012-10-23,6,Tuesday
2012-10-24,6,Wednesday
2012-10-25,1,Thursday
2012-10-26,3,Friday
2012-10-27,2,Saturday
2012-10-28,5,Sunday
2012-10-29,16,Monday
2012-10-30,6,Tuesday
2012-10-31,4,Wednesday
2012-11-01,4,Thursday
2012-11-02,4,Friday
2012-11-03,4,Saturday
2012-11-04,1,Sunday
2012-11-05,2,Monday
2012-11-06,5,Tuesday
2012-11-07,3,Wednesday
2012-11-08,9,Thursday
2012-11-09,6,Friday
2012-11-10,1,Saturday
2012-11-11,2,Sunday
2012-11-12,1,Monday
2012-11-13,5,Tuesday
2012-11-14,6,Wednesday
2012-11-15,9,Thursday
2012-11-16,4,Friday
2012-11-17,4,Saturday
2012-11-18,2,Sunday
2012-11-19,4,Monday
2012-11-20,5,Tuesday
2012-11-21,3,Wednesday
2012-11-22,7,Thursday
2012-11-23,9,Friday
2012-11-24,2,Saturday
2012-11-25,3,Sunday
2012-11-26,13,Monday
2012-11-27,8,Tuesday
2012-11-28,2,Wednesday
2012-11-29,1,Thursday
2012-11-30,6,Friday
2012-12-01,3,Saturday
2012-12-02,2,Sunday
2012-12-03,10,Monday
2012-12-04,4,Tuesday
2012-12-05,9,Wednesday
2012-12-06,2,Thursday
2012-12-07,4,Friday
2012-12-08,5,Saturday
2012-12-09,3,Sunday
2012-12-10,3,Monday
2012-12-11,5,Tuesday
2012-12-12,2,Wednesday
2012-12-13,2,Thursday
2012-12-14,4,Friday
2012-12-15,3,Saturday
2012-12-16,3,Sunday
2012-12-17,6,Monday
2012-12-18,4,Tuesday
2012-12-19,3,Wednesday
2012-12-20,4,Thursday
2012-12-21,4,Friday
2012-12-22,2,Saturday
2012-12-23,3,Sunday
2012-12-24,2,Monday
2012-12-25,4,Tuesday
2012-12-26,3,Wednesday
2012-12-27,3,Thursday
2012-12-28,3,Friday
2012-12-29,2,Saturday
2012-12-31,5,Monday
2013-01-02,2,Wednesday
2013-01-05,2,Saturday
2013-01-06,2,Sunday
2013-01-07,1,Monday
2013-01-08,8,Tuesday
2013-01-09,1,Wednesday
2013-01-10,4,Thursday
2013-01-11,5,Friday
2013-01-13,2,Sunday
2013-01-14,2,Monday
2013-01-15,5,Tuesday
2013-01-17,1,Thursday
2013-01-18,1,Friday
2013-01-20,1,Sunday
2013-01-21,5,Monday
2013-01-22,3,Tuesday
2013-01-23,4,Wednesday
2013-01-24,1,Thursday
2013-01-25,3,Friday
2013-01-26,1,Saturday
2013-01-28,6,Monday
2013-01-29,4,Tuesday
2013-01-30,1,Wednesday
2013-01-31,5,Thursday
2013-02-01,3,Friday
2013-02-03,3,Sunday
2013-02-04,4,Monday
2013-02-05,3,Tuesday
2013-02-06,3,Wednesday
2013-02-07,2,Thursday
2013-02-08,2,Friday
2013-02-09,1,Saturday
2013-02-10,1,Sunday
2013-02-11,2,Monday
2013-02-12,5,Tuesday
2013-02-13,4,Wednesday
2013-02-14,2,Thursday
2013-02-15,2,Friday
2013-02-17,3,Sunday
2013-02-18,4,Monday
2013-02-19,5,Tuesday
2013-02-20,3,Wednesday
2013-02-21,5,Thursday
2013-02-22,1,Friday
2013-02-23,3,Saturday
2013-02-24,2,Sunday
2013-02-25,6,Monday
2013-02-26,9,Tuesday
2013-02-27,5,Wednesday
2013-02-28,4,Thursday
2013-03-01,4,Friday
2013-03-02,2,Saturday
2013-03-03,2,Sunday
2013-03-04,5,Monday
2013-03-05,7,Tuesday
2013-03-06,4,Wednesday
2013-03-07,8,Thursday
2013-03-08,1,Friday
2013-03-09,2,Saturday
2013-03-10,2,Sunday
2013-03-11,3,Monday
2013-03-12,6,Tuesday
2013-03-13,4,Wednesday
2013-03-14,6,Thursday
2013-03-15,6,Friday
2013-03-16,2,Saturday
2013-03-17,2,Sunday
2013-03-18,5,Monday
2013-03-19,8,Tuesday
2013-03-20,7,Wednesday
2013-03-21,4,Thursday
2013-03-22,4,Friday
2013-03-23,1,Saturday
2013-03-24,2,Sunday
2013-03-25,1,Monday
2013-03-26,4,Tuesday
2013-03-27,2,Wednesday
2013-03-28,3,Thursday
2013-03-29,2,Friday
2013-03-30,1,Saturday
2013-03-31,1,Sunday
2013-04-01,4,Monday
2013-04-02,3,Tuesday
2013-04-03,8,Wednesday
2013-04-04,2,Thursday
2013-04-05,1,Friday
2013-04-06,1,Saturday
2013-04-07,3,Sunday
2013-04-08,7,Monday
2013-04-09,21,Tuesday
2013-04-10,2,Wednesday
2013-04-11,3,Thursday
2013-04-12,4,Friday
2013-04-13,3,Saturday
2013-04-15,3,Monday
2013-04-16,1,Tuesday
2013-04-17,5,Wednesday
2013-04-18,3,Thursday
2013-04-19,2,Friday
2013-04-21,1,Sunday
2013-04-22,3,Monday
2013-04-23,4,Tuesday
2013-04-24,4,Wednesday
2013-04-25,1,Thursday
2013-04-26,2,Friday
2013-04-28,1,Sunday
2013-04-29,1,Monday
2013-04-30,1,Tuesday
2013-05-01,1,Wednesday
2013-05-02,2,Thursday
2013-05-04,3,Saturday
2013-05-05,2,Sunday
2013-05-06,1,Monday
2013-05-07,2,Tuesday
2013-05-08,3,Wednesday
2013-05-10,2,Friday
2013-05-11,1,Saturday
2013-05-12,3,Sunday
2013-05-13,5,Monday
2013-05-14,1,Tuesday
2013-05-15,5,Wednesday
2013-05-16,3,Thursday
2013-05-17,4,Friday
2013-05-18,3,Saturday
2013-05-19,2,Sunday
2013-05-20,4,Monday
2013-05-21,4,Tuesday
2013-05-22,1,Wednesday
2013-05-23,4,Thursday
2013-05-24,6,Friday
2013-05-25,2,Saturday
2013-05-26,1,Sunday
2013-05-27,4,Monday
2013-05-28,2,Tuesday
2013-05-29,1,Wednesday
2013-05-30,5,Thursday
2013-06-02,2,Sunday
2013-06-03,3,Monday
2013-06-04,3,Tuesday
2013-06-05,6,Wednesday
2013-06-06,1,Thursday
2013-06-07,3,Friday
2013-06-08,1,Saturday
2013-06-09,1,Sunday
2013-06-10,5,Monday
2013-06-11,5,Tuesday
2013-06-12,2,Wednesday
2013-06-13,3,Thursday
2013-06-14,2,Friday
2013-06-15,1,Saturday
2013-06-17,6,Monday
2013-06-18,4,Tuesday
2013-06-19,3,Wednesday
2013-06-20,5,Thursday
2013-06-21,5,Friday
2013-06-22,1,Saturday
2013-06-23,3,Sunday
2013-06-24,7,Monday
2013-06-25,4,Tuesday
2013-06-26,2,Wednesday
2013-06-27,7,Thursday
2013-06-28,5,Friday
2013-06-30,1,Sunday
2013-07-01,4,Monday
2013-07-02,3,Tuesday
2013-07-03,2,Wednesday
2013-07-04,4,Thursday
2013-07-05,4,Friday
2013-07-06,2,Saturday
2013-07-07,2,Sunday
2013-07-08,4,Monday
2013-07-09,5,Tuesday
2013-07-10,4,Wednesday
2013-07-11,1,Thursday
2013-07-12,5,Friday
2013-07-13,1,Saturday
2013-07-14,5,Sunday
2013-07-15,1,Monday
2013-07-16,5,Tuesday
2013-07-17,3,Wednesday
2013-07-18,5,Thursday
2013-07-19,3,Friday
2013-07-20,2,Saturday
2013-07-21,3,Sunday
2013-07-22,7,Monday
2013-07-23,3,Tuesday
2013-07-24,12,Wednesday
2013-07-25,4,Thursday
2013-07-26,3,Friday
2013-07-27,1,Saturday
2013-07-28,6,Sunday
2013-07-29,3,Monday
2013-07-30,4,Tuesday
2013-07-31,6,Wednesday
2013-08-01,6,Thursday
2013-08-02,2,Friday
2013-08-04,4,Sunday
2013-08-05,4,Monday
2013-08-06,2,Tuesday
2013-08-07,3,Wednesday
2013-08-08,11,Thursday
2013-08-09,5,Friday
2013-08-10,6,Saturday
2013-08-12,7,Monday
2013-08-13,5,Tuesday
2013-08-14,3,Wednesday
2013-08-15,5,Thursday
2013-08-16,2,Friday
2013-08-17,2,Saturday
2013-08-18,2,Sunday
2013-08-19,5,Monday
2013-08-20,3,Tuesday
2013-08-21,10,Wednesday
2013-08-22,6,Thursday
2013-08-23,8,Friday
2013-08-24,2,Saturday
2013-08-25,2,Sunday
2013-08-26,1,Monday
2013-08-27,6,Tuesday
2013-08-28,4,Wednesday
2013-08-29,2,Thursday
2013-08-30,4,Friday
2013-09-01,2,Sunday
2013-09-03,6,Tuesday
2013-09-04,2,Wednesday
2013-09-05,2,Thursday
2013-09-06,3,Friday
2013-09-07,3,Saturday
2013-09-08,1,Sunday
2013-09-09,3,Monday
2013-09-10,1,Tuesday
2013-09-11,2,Wednesday
2013-09-12,4,Thursday
2013-09-15,2,Sunday
2013-09-16,5,Monday
2013-09-17,2,Tuesday
2013-09-18,6,Wednesday
2013-09-19,5,Thursday
2013-09-20,2,Friday
2013-09-22,3,Sunday
2013-09-23,6,Monday
2013-09-24,5,Tuesday
2013-09-25,7,Wednesday
2013-09-26,6,Thursday
2013-09-27,4,Friday
2013-09-28,1,Saturday
2013-09-29,3,Sunday
2013-09-30,4,Monday
2013-10-01,3,Tuesday
2013-10-02,5,Wednesday
2013-10-03,3,Thursday
2013-10-04,1,Friday
2013-10-05,1,Saturday
2013-10-06,1,Sunday
2013-10-07,4,Monday
2013-10-08,4,Tuesday
2013-10-09,4,Wednesday
2013-10-10,8,Thursday
2013-10-11,2,Friday
2013-10-12,3,Saturday
2013-10-13,3,Sunday
2013-10-14,3,Monday
2013-10-15,6,Tuesday
2013-10-16,4,Wednesday
2013-10-17,8,Thursday
2013-10-18,3,Friday
2013-10-19,1,Saturday
2013-10-20,4,Sunday
2013-10-21,7,Monday
2013-10-22,5,Tuesday
2013-10-23,8,Wednesday
2013-10-24,2,Thursday
2013-10-25,3,Friday
2013-10-27,4,Sunday
2013-10-28,5,Monday
2013-10-29,6,Tuesday
2013-10-30,5,Wednesday
2013-10-31,9,Thursday
2013-11-01,4,Friday
2013-11-02,1,Saturday
2013-11-03,1,Sunday
2013-11-04,2,Monday
2013-11-05,8,Tuesday
2013-11-06,8,Wednesday
2013-11-07,5,Thursday
2013-11-08,6,Friday
2013-11-09,2,Saturday
2013-11-10,4,Sunday
2013-11-11,2,Monday
2013-11-12,1,Tuesday
2013-11-13,7,Wednesday
2013-11-14,5,Thursday
2013-11-15,2,Friday
2013-11-16,1,Saturday
2013-11-17,5,Sunday
2013-11-18,5,Monday
2013-11-19,5,Tuesday
2013-11-20,7,Wednesday
2013-11-21,6,Thursday
2013-11-22,3,Friday
2013-11-23,1,Saturday
2013-11-24,4,Sunday
2013-11-25,3,Monday
2013-11-26,6,Tuesday
2013-11-27,3,Wednesday
2013-11-28,3,Thursday
2013-11-29,2,Friday
2013-11-30,2,Saturday
2013-12-01,4,Sunday
2013-12-02,5,Monday
2013-12-03,2,Tuesday
2013-12-04,2,Wednesday
2013-12-05,5,Thursday
2013-12-06,7,Friday
2013-12-08,4,Sunday
2013-12-09,1,Monday
2013-12-10,7,Tuesday
2013-12-11,6,Wednesday
2013-12-12,1,Thursday
2013-12-13,4,Friday
2013-12-14,1,Saturday
2013-12-15,5,Sunday
2013-12-16,3,Monday
2013-12-17,5,Tuesday
2013-12-18,7,Wednesday
2013-12-19,2,Thursday
2013-12-20,7,Friday
2013-12-21,2,Saturday
2013-12-22,3,Sunday
2013-12-23,1,Monday
2013-12-24,1,Tuesday
2013-12-25,5,Wednesday
2013-12-26,5,Thursday
2013-12-27,4,Friday
2013-12-28,1,Saturday
2013-12-29,4,Sunday
2013-12-30,4,Monday
2014-01-01,2,Wednesday
2014-01-02,4,Thursday
2014-01-03,3,Friday
2014-01-04,1,Saturday
2014-01-06,4,Monday
2014-01-07,3,Tuesday
2014-01-08,3,Wednesday
2014-01-09,2,Thursday
2014-01-10,1,Friday
2014-01-11,3,Saturday
2014-01-12,1,Sunday
2014-01-13,5,Monday
2014-01-14,4,Tuesday
2014-01-15,4,Wednesday
2014-01-16,2,Thursday
2014-01-17,3,Friday
2014-01-19,1,Sunday
2014-01-21,4,Tuesday
2014-01-24,1,Friday
2014-01-25,4,Saturday
2014-01-26,3,Sunday
2014-01-27,4,Monday
2014-01-28,6,Tuesday
2014-01-29,2,Wednesday
2014-01-30,1,Thursday
2014-01-31,4,Friday
2014-02-01,2,Saturday
2014-02-02,1,Sunday
2014-02-03,4,Monday
2014-02-04,4,Tuesday
2014-02-05,5,Wednesday
2014-02-06,4,Thursday
2014-02-07,4,Friday
2014-02-09,2,Sunday
2014-02-10,3,Monday
2014-02-11,5,Tuesday
2014-02-12,2,Wednesday
2014-02-13,4,Thursday
2014-02-14,1,Friday
2014-02-15,1,Saturday
2014-02-16,1,Sunday
2014-02-17,5,Monday
2014-02-18,7,Tuesday
2014-02-19,3,Wednesday
2014-02-20,6,Thursday
2014-02-21,1,Friday
2014-02-23,2,Sunday
2014-02-24,9,Monday
2014-02-25,1,Tuesday
2014-02-26,6,Wednesday
2014-02-27,3,Thursday
2014-02-28,3,Friday
2014-03-01,1,Saturday
2014-03-02,1,Sunday
2014-03-03,2,Monday
2014-03-04,3,Tuesday
2014-03-05,2,Wednesday
2014-03-06,3,Thursday
2014-03-08,5,Saturday
2014-03-10,2,Monday
2014-03-11,2,Tuesday
2014-03-12,4,Wednesday
2014-03-13,2,Thursday
2014-03-14,2,Friday
2014-03-15,1,Saturday
2014-03-16,3,Sunday
2014-03-17,2,Monday
2014-03-18,4,Tuesday
2014-03-19,1,Wednesday
2014-03-20,1,Thursday
2014-03-21,2,Friday
2014-03-23,1,Sunday
2014-03-24,5,Monday
2014-03-25,11,Tuesday
2014-03-26,2,Wednesday
2014-03-27,1,Thursday
2014-03-28,2,Friday
2014-03-29,1,Saturday
2014-03-30,2,Sunday
2014-03-31,3,Monday
2014-04-01,2,Tuesday
2014-04-02,2,Wednesday
2014-04-03,1,Thursday
2014-04-05,1,Saturday
2014-04-07,5,Monday
2014-04-08,3,Tuesday
2014-04-09,3,Wednesday
2014-04-10,2,Thursday
2014-04-11,2,Friday
2014-04-14,2,Monday
2014-04-15,1,Tuesday
2014-04-16,6,Wednesday
2014-04-17,2,Thursday
2014-04-18,4,Friday
2014-04-19,3,Saturday
2014-04-20,1,Sunday
2014-04-21,1,Monday
2014-04-22,2,Tuesday
2014-04-23,1,Wednesday
2014-04-24,3,Thursday
2014-04-25,3,Friday
2014-04-26,1,Saturday
2014-04-27,3,Sunday
2014-04-28,3,Monday
2014-04-29,1,Tuesday
2014-04-30,3,Wednesday
2014-05-02,1,Friday
2014-05-04,1,Sunday
2014-05-05,3,Monday
2014-05-06,4,Tuesday
2014-05-07,3,Wednesday
2014-05-08,5,Thursday
2014-05-09,2,Friday
2014-05-10,1,Saturday
2014-05-12,2,Monday
2014-05-14,5,Wednesday
2014-05-15,2,Thursday
2014-05-16,3,Friday
2014-05-17,1,Saturday
2014-05-18,2,Sunday
2014-05-19,3,Monday
2014-05-20,5,Tuesday
2014-05-21,2,Wednesday
2014-05-22,1,Thursday
2014-05-23,3,Friday
2014-05-24,2,Saturday
2014-05-25,3,Sunday
2014-05-26,3,Monday
2014-05-27,3,Tuesday
2014-05-28,4,Wednesday
2014-05-29,4,Thursday
2014-05-30,3,Friday
2014-05-31,2,Saturday
2014-06-01,3,Sunday
2014-06-02,2,Monday
2014-06-03,7,Tuesday
2014-06-04,2,Wednesday
2014-06-05,5,Thursday
2014-06-07,4,Saturday
2014-06-08,2,Sunday
2014-06-09,4,Monday
2014-06-10,5,Tuesday
2014-06-12,1,Thursday
2014-06-13,1,Friday
2014-06-16,4,Monday
2014-06-17,1,Tuesday
2014-06-18,3,Wednesday
2014-06-19,2,Thursday
2014-06-20,2,Friday
2014-06-21,2,Saturday
2014-06-22,1,Sunday
2014-06-23,3,Monday
2014-06-24,3,Tuesday
2014-06-25,5,Wednesday
2014-06-26,5,Thursday
2014-06-28,2,Saturday
2014-06-29,2,Sunday
2014-06-30,1,Monday
2014-07-01,3,Tuesday
2014-07-02,4,Wednesday
2014-07-03,6,Thursday
2014-07-04,4,Friday
2014-07-05,3,Saturday
2014-07-06,3,Sunday
2014-07-07,7,Monday
2014-07-08,7,Tuesday
2014-07-09,2,Wednesday
2014-07-10,5,Thursday
2014-07-11,1,Friday
2014-07-12,3,Saturday
2014-07-13,2,Sunday
2014-07-14,6,Monday
2014-07-15,3,Tuesday
2014-07-16,5,Wednesday
2014-07-17,1,Thursday
2014-07-18,2,Friday
2014-07-19,3,Saturday
2014-07-20,1,Sunday
2014-07-21,2,Monday
2014-07-22,2,Tuesday
2014-07-23,1,Wednesday
2014-07-24,4,Thursday
2014-07-25,1,Friday
2014-07-27,1,Sunday
2014-07-28,4,Monday
2014-07-29,1,Tuesday
2014-07-30,1,Wednesday
2014-07-31,3,Thursday
2014-08-01,3,Friday
2014-08-04,5,Monday
2014-08-05,3,Tuesday
2014-08-06,7,Wednesday
2014-08-07,9,Thursday
2014-08-08,5,Friday
2014-08-11,5,Monday
2014-08-12,1,Tuesday
2014-08-13,3,Wednesday
2014-08-14,3,Thursday
2014-08-15,4,Friday
2014-08-18,3,Monday
2014-08-19,5,Tuesday
2014-08-20,5,Wednesday
2014-08-22,3,Friday
2014-08-25,2,Monday
2014-08-26,5,Tuesday
2014-08-27,1,Wednesday
2014-08-29,2,Friday
2014-08-30,2,Saturday
2014-09-01,6,Monday
2014-09-02,5,Tuesday
2014-09-03,2,Wednesday
2014-09-04,3,Thursday
2014-09-05,4,Friday
2014-09-06,2,Saturday
2014-09-07,3,Sunday
2014-09-08,5,Monday
2014-09-09,6,Tuesday
2014-09-10,3,Wednesday
2014-09-11,1,Thursday
2014-09-12,3,Friday
2014-09-13,2,Saturday
2014-09-15,3,Monday
2014-09-16,3,Tuesday
2014-09-17,3,Wednesday
2014-09-18,1,Thursday
2014-09-19,3,Friday
2014-09-20,1,Saturday
2014-09-21,2,Sunday
2014-09-22,2,Monday
2014-09-23,2,Tuesday
2014-09-24,1,Wednesday
2014-09-25,7,Thursday
2014-09-26,3,Friday
2014-09-28,2,Sunday
2014-09-29,3,Monday
2014-09-30,5,Tuesday
2014-10-01,1,Wednesday
2014-10-02,4,Thursday
2014-10-03,1,Friday
2014-10-06,5,Monday
2014-10-07,1,Tuesday
2014-10-08,3,Wednesday
2014-10-10,3,Friday
2014-10-12,1,Sunday
2014-10-13,7,Monday
2014-10-14,3,Tuesday
2014-10-15,4,Wednesday
2014-10-16,4,Thursday
2014-10-17,1,Friday
2014-10-19,2,Sunday
2014-10-20,3,Monday
2014-10-21,3,Tuesday
2014-10-23,1,Thursday
2014-10-24,2,Friday
2014-10-25,1,Saturday
2014-10-27,1,Monday
2014-10-28,7,Tuesday
2014-10-29,4,Wednesday
2014-10-30,2,Thursday
2014-10-31,1,Friday
2014-11-02,1,Sunday
2014-11-03,2,Monday
2014-11-04,2,Tuesday
2014-11-05,5,Wednesday
2014-11-06,4,Thursday
2014-11-08,1,Saturday
2014-11-10,3,Monday
2014-11-11,2,Tuesday
2014-11-12,4,Wednesday
2014-11-13,4,Thursday
2014-11-14,4,Friday
2014-11-15,2,Saturday
2014-11-16,2,Sunday
2014-11-17,3,Monday
2014-11-18,2,Tuesday
2014-11-19,2,Wednesday
2014-11-21,2,Friday
2014-11-22,2,Saturday
2014-11-23,3,Sunday
2014-11-24,1,Monday
2014-11-25,2,Tuesday
2014-11-26,4,Wednesday
2014-11-27,3,Thursday
2014-11-28,3,Friday
2014-11-30,1,Sunday
2014-12-01,7,Monday
2014-12-02,4,Tuesday
2014-12-03,3,Wednesday
2014-12-04,1,Thursday
2014-12-05,4,Friday
2014-12-07,1,Sunday
2014-12-08,3,Monday
2014-12-09,5,Tuesday
2014-12-11,1,Thursday
2014-12-12,2,Friday
2014-12-14,1,Sunday
2014-12-15,1,Monday
2014-12-16,4,Tuesday
2014-12-17,1,Wednesday
2014-12-18,3,Thursday
2014-12-19,1,Friday
2014-12-20,2,Saturday
2014-12-21,3,Sunday
2014-12-22,5,Monday
2014-12-23,1,Tuesday
2014-12-24,2,Wednesday
2014-12-25,2,Thursday
2014-12-26,3,Friday
2014-12-27,1,Saturday
2014-12-28,1,Sunday
2014-12-29,6,Monday
2014-12-30,4,Tuesday
2015-01-02,1,Friday
2015-01-05,5,Monday
2015-01-06,2,Tuesday
2015-01-08,1,Thursday
2015-01-09,2,Friday
2015-01-11,1,Sunday
2015-01-12,3,Monday
2015-01-13,2,Tuesday
2015-01-14,2,Wednesday
2015-01-17,2,Saturday
2015-01-18,3,Sunday
2015-01-19,3,Monday
2015-01-20,2,Tuesday
2015-01-21,3,Wednesday
2015-01-22,5,Thursday
2015-01-23,1,Friday
2015-01-25,2,Sunday
2015-01-26,2,Monday
2015-01-27,5,Tuesday
2015-01-28,5,Wednesday
2015-01-29,6,Thursday
2015-01-30,2,Friday
2015-01-31,2,Saturday
2015-02-01,1,Sunday
2015-02-02,6,Monday
2015-02-03,5,Tuesday
2015-02-04,5,Wednesday
2015-02-05,6,Thursday
2015-02-06,3,Friday
2015-02-07,3,Saturday
2015-02-08,8,Sunday
2015-02-09,2,Monday
2015-02-10,7,Tuesday
2015-02-11,3,Wednesday
2015-02-12,1,Thursday
2015-02-13,2,Friday
2015-02-15,4,Sunday
2015-02-16,6,Monday
2015-02-17,3,Tuesday
2015-02-18,4,Wednesday
2015-02-19,5,Thursday
2015-02-20,2,Friday
2015-02-21,4,Saturday
2015-02-23,5,Monday
2015-02-24,4,Tuesday
2015-02-25,9,Wednesday
2015-02-26,7,Thursday
2015-02-27,4,Friday
2015-03-01,4,Sunday
2015-03-02,3,Monday
2015-03-03,8,Tuesday
2015-03-04,6,Wednesday
2015-03-05,2,Thursday
2015-03-06,5,Friday
2015-03-07,2,Saturday
2015-03-08,2,Sunday
2015-03-10,5,Tuesday
2015-03-11,2,Wednesday
2015-03-12,2,Thursday
2015-03-13,2,Friday
2015-03-15,4,Sunday
2015-03-16,5,Monday
2015-03-17,5,Tuesday
2015-03-18,4,Wednesday
2015-03-19,5,Thursday
2015-03-20,2,Friday
2015-03-21,1,Saturday
2015-03-22,3,Sunday
2015-03-23,4,Monday
2015-03-24,5,Tuesday
2015-03-25,6,Wednesday
2015-03-26,3,Thursday
2015-03-27,3,Friday
2015-03-28,2,Saturday
2015-03-29,6,Sunday
2015-03-30,5,Monday
2015-03-31,4,Tuesday
2015-04-01,5,Wednesday
2015-04-02,2,Thursday
2015-04-03,5,Friday
2015-04-05,3,Sunday
2015-04-06,4,Monday
2015-04-07,5,Tuesday
2015-04-08,6,Wednesday
2015-04-09,5,Thursday
2015-04-10,1,Friday
2015-04-11,4,Saturday
2015-04-12,4,Sunday
2015-04-13,5,Monday
2015-04-14,4,Tuesday
2015-04-16,6,Thursday
2015-04-17,4,Friday
2015-04-19,4,Sunday
2015-04-20,3,Monday
2015-04-21,5,Tuesday
2015-04-22,5,Wednesday
2015-04-23,4,Thursday
2015-04-24,3,Friday
2015-04-25,1,Saturday
2015-04-27,8,Monday
2015-04-28,4,Tuesday
2015-04-29,5,Wednesday
2015-04-30,6,Thursday
2015-05-01,2,Friday
2015-05-02,1,Saturday
2015-05-03,2,Sunday
2015-05-05,7,Tuesday
2015-05-06,1,Wednesday
2015-05-07,5,Thursday
2015-05-08,1,Friday
2015-05-09,3,Saturday
2015-05-11,3,Monday
2015-05-12,3,Tuesday
2015-05-13,2,Wednesday
2015-05-14,4,Thursday
2015-05-15,2,Friday
2015-05-16,1,Saturday
2015-05-17,2,Sunday
2015-05-18,7,Monday
2015-05-19,2,Tuesday
2015-05-20,3,Wednesday
2015-05-21,5,Thursday
2015-05-22,5,Friday
2015-05-23,1,Saturday
2015-05-24,2,Sunday
2015-05-25,2,Monday
2015-05-26,4,Tuesday
2015-05-27,2,Wednesday
2015-05-28,4,Thursday
2015-05-29,5,Friday
2015-05-30,3,Saturday
2015-05-31,3,Sunday
2015-06-01,5,Monday
2015-06-02,4,Tuesday
2015-06-03,4,Wednesday
2015-06-05,3,Friday
2015-06-06,2,Saturday
2015-06-07,2,Sunday
2015-06-08,2,Monday
2015-06-09,7,Tuesday
2015-06-10,1,Wednesday
2015-06-11,5,Thursday
2015-06-13,1,Saturday
2015-06-14,2,Sunday
2015-06-15,3,Monday
2015-06-16,5,Tuesday
2015-06-17,4,Wednesday
2015-06-18,3,Thursday
2015-06-19,9,Friday
2015-06-21,3,Sunday
2015-06-22,3,Monday
2015-06-23,4,Tuesday
2015-06-24,5,Wednesday
2015-06-25,6,Thursday
2015-06-26,2,Friday
2015-06-27,2,Saturday
2015-06-28,1,Sunday
2015-06-29,2,Monday
2015-06-30,6,Tuesday
2015-07-01,6,Wednesday
2015-07-02,2,Thursday
2015-07-03,3,Friday
2015-07-04,2,Saturday
2015-07-05,1,Sunday
2015-07-06,4,Monday
2015-07-07,3,Tuesday
2015-07-08,6,Wednesday
2015-07-09,4,Thursday
2015-07-10,3,Friday
2015-07-11,6,Saturday
2015-07-12,1,Sunday
2015-07-13,6,Monday
2015-07-14,7,Tuesday
2015-07-15,6,Wednesday
2015-07-16,2,Thursday
2015-07-17,6,Friday
2015-07-18,4,Saturday
2015-07-19,4,Sunday
2015-07-20,4,Monday
2015-07-21,5,Tuesday
2015-07-22,3,Wednesday
2015-07-23,5,Thursday
2015-07-24,6,Friday
2015-07-25,1,Saturday
2015-07-26,3,Sunday
2015-07-28,5,Tuesday
2015-07-29,5,Wednesday
2015-07-30,3,Thursday
2015-07-31,3,Friday
2015-08-01,1,Saturday
2015-08-02,2,Sunday
2015-08-03,1,Monday
2015-08-04,2,Tuesday
2015-08-05,2,Wednesday
2015-08-06,5,Thursday
2015-08-07,3,Friday
2015-08-09,4,Sunday
2015-08-10,3,Monday
2015-08-11,1,Tuesday
2015-08-12,3,Wednesday
2015-08-13,5,Thursday
2015-08-14,3,Friday
2015-08-15,1,Saturday
2015-08-16,1,Sunday
2015-08-18,2,Tuesday
2015-08-19,2,Wednesday
2015-08-20,6,Thursday
2015-08-21,1,Friday
2015-08-22,1,Saturday
2015-08-23,2,Sunday
2015-08-24,4,Monday
2015-08-25,4,Tuesday
2015-08-26,3,Wednesday
2015-08-27,5,Thursday
2015-08-28,3,Friday
2015-08-29,1,Saturday
2015-08-30,1,Sunday
2015-08-31,3,Monday
2015-09-01,3,Tuesday
2015-09-02,4,Wednesday
2015-09-03,3,Thursday
2015-09-04,1,Friday
2015-09-06,1,Sunday
2015-09-07,3,Monday
2015-09-08,1,Tuesday
2015-09-09,5,Wednesday
2015-09-10,3,Thursday
2015-09-11,3,Friday
2015-09-12,2,Saturday
2015-09-14,3,Monday
2015-09-15,2,Tuesday
2015-09-16,4,Wednesday
2015-09-17,7,Thursday
2015-09-18,3,Friday
2015-09-20,3,Sunday
2015-09-21,3,Monday
2015-09-22,6,Tuesday
2015-09-23,4,Wednesday
2015-09-24,3,Thursday
2015-09-25,1,Friday
2015-09-26,2,Saturday
2015-09-28,3,Monday
2015-09-29,1,Tuesday
2015-09-30,4,Wednesday
2015-10-01,5,Thursday
2015-10-02,7,Friday
2015-10-03,2,Saturday
2015-10-04,3,Sunday
2015-10-05,5,Monday
2015-10-06,3,Tuesday
2015-10-07,9,Wednesday
2015-10-08,6,Thursday
2015-10-09,5,Friday
2015-10-10,1,Saturday
2015-10-12,4,Monday
2015-10-13,8,Tuesday
2015-10-14,4,Wednesday
2015-10-15,4,Thursday
2015-10-16,3,Friday
2015-10-17,1,Saturday
2015-10-18,2,Sunday
2015-10-19,5,Monday
2015-10-20,5,Tuesday
2015-10-21,5,Wednesday
2015-10-22,5,Thursday
2015-10-23,2,Friday
2015-10-24,1,Saturday
2015-10-25,1,Sunday
2015-10-26,5,Monday
2015-10-27,5,Tuesday
2015-10-28,5,Wednesday
2015-10-29,6,Thursday
2015-10-30,5,Friday
2015-10-31,1,Saturday
2015-11-02,5,Monday
2015-11-03,6,Tuesday
2015-11-04,3,Wednesday
2015-11-05,10,Thursday
2015-11-06,4,Friday
2015-11-07,1,Saturday
2015-11-09,6,Monday
2015-11-10,4,Tuesday
2015-11-11,5,Wednesday
2015-11-12,5,Thursday
2015-11-13,2,Friday
2015-11-15,2,Sunday
2015-11-16,4,Monday
2015-11-17,3,Tuesday
2015-11-18,5,Wednesday
2015-11-19,6,Thursday
2015-11-20,4,Friday
2015-11-21,1,Saturday
2015-11-22,3,Sunday
2015-11-23,8,Monday
2015-11-24,10,Tuesday
2015-11-25,6,Wednesday
2015-11-26,9,Thursday
2015-11-27,8,Friday
2015-11-29,3,Sunday
2015-11-30,8,Monday
2015-12-01,10,Tuesday
2015-12-02,8,Wednesday
2015-12-03,11,Thursday
2015-12-04,8,Friday
2015-12-05,6,Saturday
2015-12-06,3,Sunday
2015-12-07,7,Monday
2015-12-08,8,Tuesday
2015-12-09,4,Wednesday
2015-12-10,7,Thursday
2015-12-11,8,Friday
2015-12-12,1,Saturday
2015-12-13,3,Sunday
2015-12-14,9,Monday
2015-12-15,7,Tuesday
2015-12-16,10,Wednesday
2015-12-17,7,Thursday
2015-12-18,7,Friday
2015-12-19,2,Saturday
2015-12-20,3,Sunday
2015-12-21,8,Monday
2015-12-22,8,Tuesday
2015-12-23,14,Wednesday
2015-12-24,8,Thursday
2015-12-25,6,Friday
2015-12-26,2,Saturday
2015-12-27,2,Sunday
2015-12-28,7,Monday
2015-12-29,6,Tuesday
2015-12-30,9,Wednesday
2015-12-31,6,Thursday
2016-01-01,3,Friday
2016-01-02,2,Saturday
2016-01-03,2,Sunday
2016-01-04,3,Monday
2016-01-05,6,Tuesday
2016-01-06,6,Wednesday
2016-01-07,2,Thursday
2016-01-08,5,Friday
2016-01-09,1,Saturday
2016-01-10,5,Sunday
2016-01-11,7,Monday
2016-01-12,11,Tuesday
2016-01-13,9,Wednesday
2016-01-14,7,Thursday
2016-01-15,4,Friday
2016-01-16,3,Saturday
2016-01-17,1,Sunday
2016-01-18,11,Monday
2016-01-19,12,Tuesday
2016-01-20,12,Wednesday
2016-01-21,6,Thursday
2016-01-22,5,Friday
2016-01-23,1,Saturday
2016-01-24,2,Sunday
2016-01-25,9,Monday
2016-01-26,14,Tuesday
2016-01-27,10,Wednesday
2016-01-28,9,Thursday
2016-01-29,2,Friday
2016-01-30,2,Saturday
2016-01-31,3,Sunday
2016-02-01,1,Monday
2016-02-02,8,Tuesday
2016-02-03,2,Wednesday
2016-02-04,3,Thursday
2016-02-05,3,Friday
2016-02-08,5,Monday
2016-02-09,4,Tuesday
2016-02-10,4,Wednesday
2016-02-11,3,Thursday
2016-02-12,3,Friday
2016-02-14,2,Sunday
2016-02-15,2,Monday
2016-02-16,4,Tuesday
2016-02-17,5,Wednesday
2016-02-18,3,Thursday
2016-02-19,3,Friday
2016-02-21,1,Sunday
2016-02-22,4,Monday
2016-02-23,2,Tuesday
2016-02-24,9,Wednesday
2016-02-25,8,Thursday
2016-02-26,2,Friday
2016-02-28,2,Sunday
2016-02-29,2,Monday
2016-03-01,5,Tuesday
2016-03-02,8,Wednesday
2016-03-03,6,Thursday
2016-03-04,5,Friday
2016-03-05,3,Saturday
2016-03-06,2,Sunday
2016-03-07,4,Monday
2016-03-08,3,Tuesday
2016-03-09,8,Wednesday
2016-03-10,2,Thursday
2016-03-11,3,Friday
2016-03-12,2,Saturday
2016-03-14,6,Monday
2016-03-15,3,Tuesday
2016-03-16,5,Wednesday
2016-03-17,4,Thursday
2016-03-18,3,Friday
2016-03-19,2,Saturday
2016-03-20,1,Sunday
2016-03-21,8,Monday
2016-03-22,6,Tuesday
2016-03-23,7,Wednesday
2016-03-24,4,Thursday
2016-03-25,5,Friday
2016-03-26,2,Saturday
2016-03-27,2,Sunday
2016-03-28,6,Monday
2016-03-29,6,Tuesday
2016-03-30,8,Wednesday
2016-03-31,4,Thursday
2016-04-01,3,Friday
2016-04-04,3,Monday
2016-04-05,3,Tuesday
2016-04-06,3,Wednesday
2016-04-07,6,Thursday
2016-04-08,3,Friday
2016-04-10,1,Sunday
2016-04-12,8,Tuesday
2016-04-13,4,Wednesday
2016-04-14,3,Thursday
2016-04-15,3,Friday
2016-04-17,3,Sunday
2016-04-18,4,Monday
2016-04-19,7,Tuesday
2016-04-20,5,Wednesday
2016-04-21,7,Thursday
2016-04-22,4,Friday
2016-04-23,1,Saturday
2016-04-24,2,Sunday
2016-04-25,3,Monday
2016-04-26,5,Tuesday
2016-04-27,6,Wednesday
2016-04-28,4,Thursday
2016-04-29,2,Friday
2016-04-30,1,Saturday
2016-05-02,1,Monday
2016-05-04,3,Wednesday
2016-05-05,3,Thursday
2016-05-06,4,Friday
2016-05-07,2,Saturday
2016-05-09,3,Monday
2016-05-10,3,Tuesday
2016-05-11,5,Wednesday
2016-05-12,4,Thursday
2016-05-13,6,Friday
2016-05-15,1,Sunday
2016-05-16,5,Monday
2016-05-17,7,Tuesday
2016-05-18,1,Wednesday
2016-05-19,2,Thursday
2016-05-20,3,Friday
2016-05-22,1,Sunday
2016-05-23,4,Monday
2016-05-24,2,Tuesday
2016-05-26,1,Thursday
2016-05-27,3,Friday
2016-05-28,1,Saturday
2016-05-29,1,Sunday
2016-05-30,7,Monday
2016-05-31,3,Tuesday
2016-06-02,4,Thursday
2016-06-03,5,Friday
2016-06-05,2,Sunday
2016-06-06,2,Monday
2016-06-07,5,Tuesday
2016-06-08,2,Wednesday
2016-06-09,1,Thursday
2016-06-11,1,Saturday
2016-06-13,3,Monday
2016-06-14,2,Tuesday
2016-06-15,3,Wednesday
2016-06-16,3,Thursday
2016-06-17,3,Friday
2016-06-19,2,Sunday
2016-06-20,2,Monday
2016-06-21,4,Tuesday
2016-06-22,2,Wednesday
2016-06-23,1,Thursday
2016-06-24,7,Friday
2016-06-25,3,Saturday
2016-06-27,5,Monday
2016-06-28,3,Tuesday
2016-06-29,3,Wednesday
2016-06-30,3,Thursday
2016-07-01,4,Friday
2016-07-04,4,Monday
2016-07-05,5,Tuesday
2016-07-06,2,Wednesday
2016-07-08,3,Friday
2016-07-10,1,Sunday
2016-07-11,4,Monday
2016-07-12,2,Tuesday
2016-07-13,8,Wednesday
2016-07-14,3,Thursday
2016-07-15,3,Friday
2016-07-18,1,Monday
2016-07-19,4,Tuesday
2016-07-20,3,Wednesday
2016-07-21,4,Thursday
2016-07-22,2,Friday
2016-07-25,4,Monday
2016-07-26,5,Tuesday
2016-07-27,2,Wednesday
2016-07-28,3,Thursday
2016-07-29,4,Friday
2016-07-31,1,Sunday
2016-08-01,3,Monday
2016-08-02,3,Tuesday
2016-08-04,3,Thursday
2016-08-06,1,Saturday
2016-08-07,1,Sunday
2016-08-08,2,Monday
2016-08-09,1,Tuesday
2016-08-10,5,Wednesday
2016-08-11,1,Thursday
2016-08-13,1,Saturday
2016-08-14,1,Sunday
2016-08-15,1,Monday
2016-08-16,2,Tuesday
2016-08-17,2,Wednesday
2016-08-19,1,Friday
2016-08-21,1,Sunday
2016-08-22,1,Monday
2016-08-23,3,Tuesday
2016-08-24,3,Wednesday
2016-08-25,3,Thursday
2016-08-26,1,Friday
2016-08-28,2,Sunday
2016-08-29,1,Monday
2016-08-30,1,Tuesday
2016-08-31,2,Wednesday
2016-09-01,2,Thursday
2016-09-05,3,Monday
2016-09-06,3,Tuesday
2016-09-07,5,Wednesday
2016-09-08,3,Thursday
2016-09-09,2,Friday
2016-09-11,1,Sunday
2016-09-13,3,Tuesday
2016-09-14,3,Wednesday
2016-09-15,3,Thursday
2016-09-16,5,Friday
2016-09-18,2,Sunday
2016-09-19,4,Monday
2016-09-20,6,Tuesday
2016-09-21,5,Wednesday
2016-09-22,2,Thursday
2016-09-23,3,Friday
2016-09-24,1,Saturday
2016-09-25,2,Sunday
2016-09-26,2,Monday
2016-09-27,3,Tuesday
2016-09-28,4,Wednesday
2016-09-29,4,Thursday
2016-09-30,8,Friday
2016-10-02,1,Sunday
2016-10-03,1,Monday
2016-10-04,1,Tuesday
2016-10-05,2,Wednesday
2016-10-06,2,Thursday
2016-10-07,2,Friday
2016-10-08,3,Saturday
2016-10-09,2,Sunday
2016-10-10,2,Monday
2016-10-11,4,Tuesday
2016-10-12,4,Wednesday
2016-10-13,3,Thursday
2016-10-14,2,Friday
2016-10-15,3,Saturday
2016-10-16,2,Sunday
2016-10-17,6,Monday
2016-10-18,8,Tuesday
2016-10-19,6,Wednesday
2016-10-20,5,Thursday
2016-10-21,4,Friday
2016-10-22,2,Saturday
2016-10-23,5,Sunday
2016-10-24,2,Monday
2016-10-25,7,Tuesday
2016-10-26,5,Wednesday
2016-10-27,3,Thursday
2016-10-28,3,Friday
2016-10-30,1,Sunday
2016-10-31,5,Monday
2016-11-01,4,Tuesday
2016-11-02,4,Wednesday
2016-11-03,5,Thursday
2016-11-04,1,Friday
2016-11-05,3,Saturday
2016-11-06,2,Sunday
2016-11-07,3,Monday
2016-11-08,4,Tuesday
2016-11-09,1,Wednesday
2016-11-10,4,Thursday
2016-11-11,2,Friday
2016-11-12,2,Saturday
2016-11-13,1,Sunday
2016-11-14,4,Monday
2016-11-15,2,Tuesday
2016-11-16,3,Wednesday
2016-11-17,4,Thursday
2016-11-18,2,Friday
2016-11-20,1,Sunday
2016-11-21,2,Monday
2016-11-22,2,Tuesday
2016-11-23,6,Wednesday
2016-11-24,5,Thursday
2016-11-25,2,Friday
2016-11-26,1,Saturday
2016-11-27,3,Sunday
2016-11-28,4,Monday
2016-11-29,4,Tuesday
2016-11-30,5,Wednesday
2016-12-01,3,Thursday
2016-12-02,6,Friday
2016-12-04,2,Sunday
2016-12-05,2,Monday
2016-12-06,3,Tuesday
2016-12-07,4,Wednesday
2016-12-08,4,Thursday
2016-12-09,3,Friday
2016-12-10,2,Saturday
2016-12-11,2,Sunday
2016-12-12,4,Monday
2016-12-13,3,Tuesday
2016-12-14,3,Wednesday
2016-12-15,4,Thursday
2016-12-16,2,Friday
2016-12-17,1,Saturday
2016-12-18,1,Sunday
2016-12-19,4,Monday
2016-12-20,2,Tuesday
2016-12-21,4,Wednesday
2016-12-22,2,Thursday
2016-12-23,3,Friday
2016-12-25,1,Sunday
2016-12-26,3,Monday
2016-12-27,2,Tuesday
2016-12-28,3,Wednesday
2016-12-29,1,Thursday
2016-12-30,2,Friday
2016-12-31,1,Saturday
2017-01-02,3,Monday
2017-01-04,4,Wednesday
2017-01-06,1,Friday
2017-01-08,3,Sunday
2017-01-09,2,Monday
2017-01-10,1,Tuesday
2017-01-11,3,Wednesday
2017-01-12,6,Thursday
2017-01-13,2,Friday
2017-01-14,1,Saturday
2017-01-15,1,Sunday
2017-01-16,4,Monday
2017-01-17,2,Tuesday
2017-01-18,6,Wednesday
2017-01-19,5,Thursday
2017-01-20,1,Friday
2017-01-22,2,Sunday
2017-01-23,5,Monday
2017-01-24,2,Tuesday
2017-01-25,4,Wednesday
2017-01-26,5,Thursday
2017-01-27,3,Friday
2017-01-29,2,Sunday
2017-01-30,6,Monday
2017-01-31,5,Tuesday
2017-02-01,8,Wednesday
2017-02-02,6,Thursday
2017-02-03,6,Friday
2017-02-04,3,Saturday
2017-02-05,1,Sunday
2017-02-06,6,Monday
2017-02-07,4,Tuesday
2017-02-08,5,Wednesday
2017-02-09,6,Thursday
2017-02-10,3,Friday
2017-02-11,1,Saturday
2017-02-12,1,Sunday
2017-02-13,2,Monday
2017-02-14,2,Tuesday
2017-02-15,4,Wednesday
2017-02-16,3,Thursday
2017-02-17,2,Friday
2017-02-18,3,Saturday
2017-02-19,2,Sunday
2017-02-20,6,Monday
2017-02-21,8,Tuesday
2017-02-22,7,Wednesday
2017-02-23,1,Thursday
2017-02-24,1,Friday
2017-02-26,3,Sunday
2017-02-27,6,Monday
2017-02-28,2,Tuesday
2017-03-01,3,Wednesday
2017-03-02,2,Thursday
2017-03-03,5,Friday
2017-03-04,1,Saturday
2017-03-05,1,Sunday
2017-03-06,4,Monday
2017-03-07,4,Tuesday
2017-03-08,1,Wednesday
2017-03-09,5,Thursday
2017-03-10,2,Friday
2017-03-12,1,Sunday
2017-03-13,5,Monday
2017-03-14,4,Tuesday
2017-03-15,2,Wednesday
2017-03-17,3,Friday
2017-03-18,1,Saturday
2017-03-19,3,Sunday
2017-03-20,3,Monday
2017-03-21,3,Tuesday
2017-03-22,4,Wednesday
2017-03-23,4,Thursday
2017-03-24,4,Friday
2017-03-26,1,Sunday
2017-03-27,6,Monday
2017-03-28,6,Tuesday
2017-03-29,4,Wednesday
2017-03-30,2,Thursday
2017-03-31,2,Friday
2017-04-01,2,Saturday
2017-04-02,1,Sunday
2017-04-03,1,Monday
2017-04-05,1,Wednesday
2017-04-06,2,Thursday
2017-04-07,2,Friday
2017-04-09,2,Sunday
2017-04-11,3,Tuesday
2017-04-13,3,Thursday
2017-04-14,2,Friday
2017-04-15,2,Saturday
2017-04-16,2,Sunday
2017-04-17,3,Monday
2017-04-18,4,Tuesday
2017-04-19,2,Wednesday
2017-04-20,4,Thursday
2017-04-21,2,Friday
2017-04-22,1,Saturday
2017-04-23,2,Sunday
2017-04-24,3,Monday
2017-04-25,4,Tuesday
2017-04-26,2,Wednesday
2017-04-27,2,Thursday
2017-04-28,1,Friday
2017-04-29,1,Saturday
2017-05-01,2,Monday
2017-05-02,1,Tuesday
2017-05-03,2,Wednesday
2017-05-04,1,Thursday
2017-05-08,1,Monday
2017-05-09,1,Tuesday
2017-05-10,1,Wednesday
2017-05-11,1,Thursday
2017-05-12,1,Friday
2017-05-13,1,Saturday
2017-05-15,1,Monday
2017-05-16,1,Tuesday
2017-05-17,3,Wednesday
2017-05-18,4,Thursday
2017-05-19,2,Friday
2017-05-22,5,Monday
2017-05-23,5,Tuesday
2017-05-24,1,Wednesday
2017-05-25,7,Thursday
2017-05-26,3,Friday
2017-05-29,3,Monday
2017-05-30,5,Tuesday
2017-05-31,3,Wednesday
2017-06-01,3,Thursday
2017-06-02,4,Friday
2017-06-05,3,Monday
2017-06-06,4,Tuesday
2017-06-07,2,Wednesday
2017-06-08,4,Thursday
2017-06-09,2,Friday
2017-06-10,1,Saturday
2017-06-12,4,Monday
2017-06-13,5,Tuesday
2017-06-14,2,Wednesday
2017-06-15,1,Thursday
2017-06-16,2,Friday
2017-06-18,2,Sunday
2017-06-19,2,Monday
2017-06-20,1,Tuesday
2017-06-21,1,Wednesday
2017-06-23,3,Friday
2017-06-26,2,Monday
2017-06-27,5,Tuesday
2017-06-28,3,Wednesday
2017-06-29,6,Thursday
2017-06-30,3,Friday
2017-07-01,1,Saturday
2017-07-02,1,Sunday
2017-07-03,1,Monday
2017-07-05,1,Wednesday
2017-07-07,1,Friday
2017-07-08,1,Saturday
2017-07-09,1,Sunday
2017-07-11,2,Tuesday
2017-07-12,1,Wednesday
2017-07-14,2,Friday
2017-07-15,1,Saturday
2017-07-16,1,Sunday
2017-07-17,3,Monday
2017-07-18,2,Tuesday
2017-07-19,2,Wednesday
2017-07-20,3,Thursday
2017-07-23,1,Sunday
2017-07-25,1,Tuesday
2017-07-26,2,Wednesday
2017-07-27,2,Thursday
2017-07-29,1,Saturday
2017-07-31,2,Monday
2017-08-01,1,Tuesday
2017-08-02,4,Wednesday
2017-08-04,2,Friday
2017-08-05,1,Saturday
2017-08-06,1,Sunday
2017-08-07,1,Monday
2017-08-08,2,Tuesday
2017-08-10,2,Thursday
2017-08-11,2,Friday
2017-08-14,1,Monday
2017-08-15,2,Tuesday
2017-08-16,4,Wednesday
2017-08-17,4,Thursday
2017-08-19,1,Saturday
2017-08-22,2,Tuesday
2017-08-23,1,Wednesday
2017-08-24,1,Thursday
2017-08-25,4,Friday
2017-08-29,3,Tuesday
2017-08-30,2,Wednesday
2017-08-31,1,Thursday
2017-09-01,1,Friday
2017-09-03,1,Sunday
2017-09-05,1,Tuesday
2017-09-06,1,Wednesday
2017-09-08,1,Friday
2017-09-11,1,Monday
2017-09-12,6,Tuesday
2017-09-13,1,Wednesday
2017-09-14,1,Thursday
2017-09-15,2,Friday
2017-09-17,1,Sunday
2017-09-18,1,Monday
2017-09-19,2,Tuesday
2017-09-20,2,Wednesday
2017-09-21,1,Thursday
2017-09-24,2,Sunday
2017-09-25,2,Monday
2017-09-26,1,Tuesday
2017-09-27,3,Wednesday
2017-09-28,1,Thursday
2017-09-29,1,Friday
2017-10-02,3,Monday
2017-10-03,3,Tuesday
2017-10-04,2,Wednesday
2017-10-06,1,Friday
2017-10-07,1,Saturday
2017-10-09,1,Monday
2017-10-10,2,Tuesday
2017-10-13,2,Friday
2017-10-16,2,Monday
2017-10-17,1,Tuesday
2017-10-18,1,Wednesday
2017-10-19,1,Thursday
2017-10-20,1,Friday
2017-10-22,3,Sunday
2017-10-23,4,Monday
2017-10-24,4,Tuesday
2017-10-25,1,Wednesday
2017-10-30,2,Monday
2017-10-31,2,Tuesday
2017-11-01,2,Wednesday
2017-11-02,3,Thursday
2017-11-03,3,Friday
2017-11-07,1,Tuesday
2017-11-08,1,Wednesday
2017-11-09,3,Thursday
2017-11-10,1,Friday
2017-11-12,1,Sunday
2017-11-13,1,Monday
2017-11-15,2,Wednesday
2017-11-16,1,Thursday
2017-11-17,2,Friday
2017-11-18,1,Saturday
2017-11-19,1,Sunday
2017-11-20,1,Monday
2017-11-21,1,Tuesday
2017-11-22,1,Wednesday
2017-11-24,1,Friday
2017-11-26,2,Sunday
2017-11-27,2,Monday
2017-11-28,1,Tuesday
2017-11-30,1,Thursday
2017-12-01,2,Friday
2017-12-02,1,Saturday
2017-12-03,1,Sunday
2017-12-04,2,Monday
2017-12-06,2,Wednesday
2017-12-07,1,Thursday
2017-12-08,2,Friday
2017-12-09,2,Saturday
2017-12-10,2,Sunday
2017-12-12,1,Tuesday
2017-12-13,1,Wednesday
2017-12-14,2,Thursday
2017-12-16,1,Saturday
2017-12-17,1,Sunday
2017-12-18,2,Monday
2017-12-20,1,Wednesday
2017-12-21,2,Thursday
2017-12-22,3,Friday
2017-12-25,1,Monday
2017-12-26,1,Tuesday
2017-12-27,3,Wednesday
2017-12-28,1,Thursday
2017-12-29,1,Friday
2017-12-31,2,Sunday
2018-01-04,1,Thursday
2018-01-05,1,Friday
2018-01-06,1,Saturday
2018-01-08,3,Monday
2018-01-09,1,Tuesday
2018-01-11,2,Thursday
2018-01-12,1,Friday
2018-01-15,1,Monday
2018-01-16,3,Tuesday
2018-01-17,2,Wednesday
2018-01-18,3,Thursday
2018-01-19,1,Friday
2018-01-21,2,Sunday
2018-01-22,3,Monday
2018-01-23,3,Tuesday
2018-01-24,5,Wednesday
2018-01-25,4,Thursday
2018-01-26,3,Friday
2018-01-27,2,Saturday
2018-01-28,1,Sunday
2018-01-29,3,Monday
2018-01-30,3,Tuesday
2018-01-31,3,Wednesday
2018-02-01,4,Thursday
2018-02-02,2,Friday
2018-02-03,4,Saturday
2018-02-05,3,Monday
2018-02-06,2,Tuesday
2018-02-07,5,Wednesday
2018-02-08,1,Thursday
2018-02-09,1,Friday
2018-02-10,1,Saturday
2018-02-11,2,Sunday
2018-02-12,1,Monday
2018-02-13,2,Tuesday
2018-02-14,1,Wednesday
2018-02-15,1,Thursday
2018-02-16,3,Friday
2018-02-18,2,Sunday
2018-02-19,2,Monday
2018-02-20,1,Tuesday
2018-02-22,2,Thursday
2018-02-23,1,Friday
2018-02-26,1,Monday
2018-02-27,3,Tuesday
2018-02-28,1,Wednesday
2018-03-01,1,Thursday
2018-03-02,2,Friday
2018-03-03,2,Saturday
2018-03-04,1,Sunday
2018-03-06,1,Tuesday
2018-03-07,2,Wednesday
2018-03-08,2,Thursday
2018-03-09,2,Friday
2018-03-11,2,Sunday
2018-03-13,1,Tuesday
2018-03-14,3,Wednesday
2018-03-15,2,Thursday
2018-03-16,2,Friday
2018-03-18,3,Sunday
2018-03-19,2,Monday
2018-03-20,2,Tuesday
2018-03-21,2,Wednesday
2018-03-22,1,Thursday
2018-03-23,1,Friday
2018-03-25,3,Sunday
2018-03-26,7,Monday
2018-03-27,1,Tuesday
2018-03-28,3,Wednesday
2018-03-29,1,Thursday
2018-03-30,1,Friday
2018-03-31,2,Saturday
2018-04-01,4,Sunday
2018-04-02,4,Monday
2018-04-04,3,Wednesday
2018-04-06,5,Friday
2018-04-08,1,Sunday
2018-04-10,3,Tuesday
2018-04-11,3,Wednesday
2018-04-12,4,Thursday
2018-04-13,2,Friday
2018-04-14,3,Saturday
2018-04-15,1,Sunday
2018-04-16,2,Monday
2018-04-18,2,Wednesday
2018-04-19,4,Thursday
2018-04-20,2,Friday
2018-04-21,2,Saturday
2018-04-22,5,Sunday
2018-04-23,2,Monday
2018-04-24,2,Tuesday
2018-04-25,3,Wednesday
2018-04-26,3,Thursday
2018-04-27,1,Friday
2018-04-28,1,Saturday
2018-04-30,2,Monday
2018-05-03,1,Thursday
2018-05-06,1,Sunday
2018-05-07,2,Monday
2018-05-09,1,Wednesday
2018-05-10,3,Thursday
2018-05-11,1,Friday
2018-05-15,1,Tuesday
2018-05-16,2,Wednesday
2018-05-18,4,Friday
2018-05-21,1,Monday
2018-05-23,1,Wednesday
2018-05-24,2,Thursday
2018-05-25,1,Friday
2018-05-26,1,Saturday
2018-05-28,2,Monday
2018-05-29,4,Tuesday
2018-05-30,4,Wednesday
2018-05-31,7,Thursday
2018-06-01,1,Friday
2018-06-04,2,Monday
2018-06-05,3,Tuesday
2018-06-06,2,Wednesday
2018-06-07,2,Thursday
2018-06-09,2,Saturday
2018-06-10,3,Sunday
2018-06-11,2,Monday
2018-06-13,2,Wednesday
2018-06-15,2,Friday
2018-06-16,3,Saturday
2018-06-17,1,Sunday
2018-06-18,4,Monday
2018-06-19,2,Tuesday
2018-06-20,3,Wednesday
2018-06-21,4,Thursday
2018-06-22,1,Friday
2018-06-23,1,Saturday
2018-06-25,2,Monday
2018-06-26,3,Tuesday
2018-06-27,3,Wednesday
2018-06-28,2,Thursday
2018-06-29,2,Friday
2018-07-01,1,Sunday
2018-07-03,3,Tuesday
2018-07-04,1,Wednesday
2018-07-05,1,Thursday
2018-07-09,2,Monday
2018-07-10,2,Tuesday
2018-07-11,3,Wednesday
2018-07-12,1,Thursday
2018-07-13,1,Friday
2018-07-14,1,Saturday
2018-07-15,3,Sunday
2018-07-16,1,Monday
2018-07-17,1,Tuesday
2018-07-18,1,Wednesday
2018-07-19,2,Thursday
2018-07-23,1,Monday
2018-07-24,3,Tuesday
2018-07-25,2,Wednesday
2018-07-26,1,Thursday
2018-07-27,1,Friday
2018-07-28,1,Saturday
2018-07-30,3,Monday
2018-07-31,1,Tuesday
2018-08-02,1,Thursday
2018-08-05,2,Sunday
2018-08-06,3,Monday
2018-08-07,1,Tuesday
2018-08-08,3,Wednesday
2018-08-10,1,Friday
2018-08-11,1,Saturday
2018-08-16,3,Thursday
2018-08-18,1,Saturday
2018-08-20,3,Monday
2018-08-21,2,Tuesday
2018-08-22,1,Wednesday
2018-08-23,1,Thursday
2018-08-26,1,Sunday
2018-08-27,3,Monday
2018-08-28,3,Tuesday
2018-08-29,3,Wednesday
2018-08-30,1,Thursday
2018-08-31,4,Friday
2018-09-01,1,Saturday
2018-09-02,1,Sunday
2018-09-03,3,Monday
2018-09-06,2,Thursday
2018-09-07,1,Friday
2018-09-08,1,Saturday
2018-09-11,1,Tuesday
2018-09-12,2,Wednesday
2018-09-13,2,Thursday
2018-09-15,1,Saturday
2018-09-16,3,Sunday
2018-09-17,1,Monday
2018-09-18,2,Tuesday
2018-09-19,1,Wednesday
2018-09-21,3,Friday
2018-09-22,2,Saturday
2018-09-24,1,Monday
2018-09-25,5,Tuesday
2018-09-27,2,Thursday
2018-09-28,2,Friday
2018-09-29,1,Saturday
2018-09-30,1,Sunday
2018-10-03,3,Wednesday
2018-10-04,2,Thursday
2018-10-05,2,Friday
2018-10-08,4,Monday
2018-10-09,1,Tuesday
2018-10-10,1,Wednesday
2018-10-11,4,Thursday
2018-10-12,2,Friday
2018-10-14,1,Sunday
2018-10-15,1,Monday
2018-10-16,2,Tuesday
2018-10-17,2,Wednesday
2018-10-18,1,Thursday
2018-10-19,4,Friday
2018-10-21,1,Sunday
2018-10-22,3,Monday
2018-10-23,2,Tuesday
2018-10-24,4,Wednesday
2018-10-25,1,Thursday
2018-10-26,2,Friday
2018-10-27,1,Saturday
2018-10-28,5,Sunday
2018-10-29,2,Monday
2018-10-30,1,Tuesday
2018-10-31,6,Wednesday
2018-11-02,2,Friday
2018-11-03,3,Saturday
2018-11-06,1,Tuesday
2018-11-07,4,Wednesday
2018-11-10,2,Saturday
2018-11-11,2,Sunday
2018-11-12,2,Monday
2018-11-13,1,Tuesday
2018-11-14,3,Wednesday
2018-11-15,1,Thursday
2018-11-16,2,Friday
2018-11-18,1,Sunday
2018-11-19,2,Monday
2018-11-20,1,Tuesday
2018-11-21,1,Wednesday
2018-11-22,4,Thursday
2018-11-23,3,Friday
2018-11-24,1,Saturday
2018-11-25,4,Sunday
2018-11-26,4,Monday
2018-11-28,1,Wednesday
2018-11-29,3,Thursday
2018-11-30,3,Friday
2018-12-01,1,Saturday
2018-12-04,3,Tuesday
2018-12-05,3,Wednesday
2018-12-06,3,Thursday
2018-12-09,3,Sunday
2018-12-10,2,Monday
2018-12-11,2,Tuesday
2018-12-12,1,Wednesday
2018-12-13,2,Thursday
2018-12-14,2,Friday
2018-12-16,3,Sunday
2018-12-17,1,Monday
2018-12-18,1,Tuesday
2018-12-19,3,Wednesday
2018-12-20,1,Thursday
2018-12-21,1,Friday
2018-12-22,2,Saturday
2018-12-24,3,Monday
2018-12-25,3,Tuesday
2018-12-26,1,Wednesday
2018-12-27,3,Thursday
2018-12-28,2,Friday
2018-12-30,1,Sunday
2018-12-31,3,Monday
2019-01-01,2,Tuesday
2019-01-02,1,Wednesday
2019-01-03,2,Thursday
2019-01-05,2,Saturday
2019-01-06,1,Sunday
2019-01-08,3,Tuesday
2019-01-09,2,Wednesday
2019-01-10,1,Thursday
2019-01-11,2,Friday
2019-01-12,2,Saturday
2019-01-13,1,Sunday
2019-01-14,3,Monday
2019-01-15,3,Tuesday
2019-01-16,1,Wednesday
2019-01-17,2,Thursday
2019-01-19,2,Saturday
2019-01-20,1,Sunday
2019-01-21,1,Monday
2019-01-22,6,Tuesday
2019-01-23,1,Wednesday
2019-01-24,3,Thursday
2019-01-25,1,Friday
2019-01-27,2,Sunday
2019-01-28,1,Monday
2019-01-29,2,Tuesday
2019-01-30,2,Wednesday
2019-01-31,3,Thursday
2019-02-01,2,Friday
2019-02-03,2,Sunday
2019-02-05,4,Tuesday
2019-02-06,2,Wednesday
2019-02-07,5,Thursday
2019-02-08,2,Friday
2019-02-09,1,Saturday
2019-02-10,3,Sunday
2019-02-11,2,Monday
2019-02-12,2,Tuesday
2019-02-13,3,Wednesday
2019-02-14,7,Thursday
2019-02-15,2,Friday
2019-02-16,2,Saturday
2019-02-17,2,Sunday
2019-02-18,3,Monday
2019-02-19,4,Tuesday
2019-02-20,2,Wednesday
2019-02-21,3,Thursday
2019-02-22,3,Friday
2019-02-23,4,Saturday
2019-02-25,4,Monday
2019-02-26,1,Tuesday
2019-02-27,5,Wednesday
2019-02-28,5,Thursday
2019-03-01,7,Friday
2019-03-03,1,Sunday
2019-03-04,4,Monday
2019-03-05,9,Tuesday
2019-03-06,4,Wednesday
2019-03-07,3,Thursday
2019-03-08,2,Friday
2019-03-09,4,Saturday
2019-03-10,2,Sunday
2019-03-11,2,Monday
2019-03-12,6,Tuesday
2019-03-13,3,Wednesday
2019-03-14,2,Thursday
2019-03-15,4,Friday
2019-03-16,4,Saturday
2019-03-17,3,Sunday
2019-03-18,5,Monday
2019-03-19,5,Tuesday
2019-03-20,5,Wednesday
2019-03-21,5,Thursday
2019-03-22,4,Friday
2019-03-23,5,Saturday
2019-03-24,5,Sunday
2019-03-25,7,Monday
2019-03-26,2,Tuesday
2019-03-27,4,Wednesday
2019-03-28,2,Thursday
2019-03-29,3,Friday
2019-03-31,2,Sunday
2019-04-01,4,Monday
2019-04-02,3,Tuesday
2019-04-03,2,Wednesday
2019-04-04,3,Thursday
2019-04-05,1,Friday
2019-04-06,2,Saturday
2019-04-07,4,Sunday
2019-04-08,4,Monday
2019-04-09,2,Tuesday
2019-04-10,6,Wednesday
2019-04-11,7,Thursday
2019-04-12,6,Friday
2019-04-13,3,Saturday
2019-04-14,1,Sunday
2019-04-15,5,Monday
2019-04-16,2,Tuesday
2019-04-17,3,Wednesday
2019-04-19,3,Friday
2019-04-20,2,Saturday
2019-04-21,3,Sunday
2019-04-22,3,Monday
2019-04-23,2,Tuesday
2019-04-25,8,Thursday
2019-04-26,4,Friday
2019-04-27,2,Saturday
2019-04-28,1,Sunday
2019-04-29,2,Monday
2019-04-30,2,Tuesday
2019-05-01,2,Wednesday
2019-05-03,2,Friday
2019-05-04,4,Saturday
2019-05-05,1,Sunday
2019-05-06,3,Monday
2019-05-07,1,Tuesday
2019-05-08,3,Wednesday
2019-05-10,3,Friday
2019-05-11,3,Saturday
2019-05-12,1,Sunday
2019-05-13,6,Monday
2019-05-14,5,Tuesday
2019-05-15,3,Wednesday
2019-05-16,3,Thursday
2019-05-17,3,Friday
2019-05-18,3,Saturday
2019-05-19,3,Sunday
2019-05-20,2,Monday
2019-05-21,5,Tuesday
2019-05-22,3,Wednesday
2019-05-23,8,Thursday
2019-05-24,6,Friday
2019-05-26,1,Sunday
2019-05-27,4,Monday
2019-05-28,1,Tuesday
2019-05-29,1,Wednesday
2019-05-30,3,Thursday
2019-05-31,3,Friday
2019-06-01,2,Saturday
2019-06-02,4,Sunday
2019-06-03,3,Monday
2019-06-04,2,Tuesday
2019-06-05,4,Wednesday
2019-06-06,4,Thursday
2019-06-07,4,Friday
2019-06-08,1,Saturday
2019-06-09,4,Sunday
2019-06-10,2,Monday
2019-06-12,4,Wednesday
2019-06-13,6,Thursday
2019-06-14,4,Friday
2019-06-15,2,Saturday
2019-06-16,2,Sunday
2019-06-17,3,Monday
2019-06-18,1,Tuesday
2019-06-19,5,Wednesday
2019-06-20,4,Thursday
2019-06-21,3,Friday
2019-06-23,2,Sunday
2019-06-24,3,Monday
2019-06-25,2,Tuesday
2019-06-26,2,Wednesday
2019-06-27,5,Thursday
2019-06-28,2,Friday
2019-06-29,2,Saturday
2019-07-01,4,Monday
2019-07-02,4,Tuesday
2019-07-03,3,Wednesday
2019-07-04,1,Thursday
2019-07-05,3,Friday
2019-07-06,3,Saturday
2019-07-07,1,Sunday
2019-07-08,2,Monday
2019-07-10,5,Wednesday
2019-07-11,1,Thursday
2019-07-12,1,Friday
2019-07-14,1,Sunday
2019-07-15,2,Monday
2019-07-16,1,Tuesday
2019-07-17,3,Wednesday
2019-07-18,4,Thursday
2019-07-19,2,Friday
2019-07-22,2,Monday
2019-07-23,3,Tuesday
2019-07-24,1,Wednesday
2019-07-25,3,Thursday
2019-07-26,6,Friday
2019-07-27,3,Saturday
2019-07-29,1,Monday
2019-07-31,3,Wednesday
2019-08-04,1,Sunday
2019-08-05,4,Monday
2019-08-06,2,Tuesday
2019-08-07,1,Wednesday
2019-08-08,3,Thursday
2019-08-09,1,Friday
2019-08-12,2,Monday
2019-08-13,3,Tuesday
2019-08-14,1,Wednesday
2019-08-15,3,Thursday
2019-08-16,2,Friday
2019-08-17,2,Saturday
2019-08-19,3,Monday
2019-08-20,2,Tuesday
2019-08-21,4,Wednesday
2019-08-22,2,Thursday
2019-08-23,1,Friday
2019-08-24,1,Saturday
2019-08-25,3,Sunday
2019-08-26,7,Monday
2019-08-27,1,Tuesday
2019-08-28,3,Wednesday
2019-08-29,4,Thursday
2019-08-30,1,Friday
2019-08-31,1,Saturday
2019-09-01,2,Sunday
2019-09-02,2,Monday
2019-09-04,2,Wednesday
2019-09-05,3,Thursday
2019-09-06,2,Friday
2019-09-07,2,Saturday
2019-09-08,1,Sunday
2019-09-09,3,Monday
2019-09-10,1,Tuesday
2019-09-12,1,Thursday
2019-09-13,1,Friday
2019-09-14,1,Saturday
2019-09-17,4,Tuesday
2019-09-18,3,Wednesday
2019-09-19,2,Thursday
2019-09-21,1,Saturday
2019-09-22,2,Sunday
2019-09-24,2,Tuesday
2019-09-25,1,Wednesday
2019-09-27,3,Friday
2019-09-28,1,Saturday
2019-09-29,1,Sunday
2019-09-30,6,Monday
2019-10-02,3,Wednesday
2019-10-03,1,Thursday
2019-10-04,1,Friday
2019-10-05,3,Saturday
2019-10-06,1,Sunday
2019-10-07,4,Monday
2019-10-08,4,Tuesday
2019-10-09,1,Wednesday
2019-10-10,2,Thursday
2019-10-11,2,Friday
2019-10-12,1,Saturday
2019-10-13,1,Sunday
2019-10-14,3,Monday
2019-10-15,4,Tuesday
2019-10-16,2,Wednesday
2019-10-17,8,Thursday
2019-10-18,3,Friday
2019-10-19,1,Saturday
2019-10-20,3,Sunday
2019-10-21,4,Monday
2019-10-22,3,Tuesday
2019-10-24,4,Thursday
2019-10-25,1,Friday
2019-10-26,1,Saturday
2019-10-28,3,Monday
2019-10-29,4,Tuesday
2019-10-31,3,Thursday
2019-11-01,1,Friday
2019-11-02,1,Saturday
2019-11-04,3,Monday
2019-11-05,3,Tuesday
2019-11-06,4,Wednesday
2019-11-07,2,Thursday
2019-11-08,5,Friday
2019-11-09,1,Saturday
2019-11-11,2,Monday
2019-11-12,6,Tuesday
2019-11-13,3,Wednesday
2019-11-14,1,Thursday
2019-11-15,1,Friday
2019-11-16,3,Saturday
2019-11-17,1,Sunday
2019-11-18,1,Monday
2019-11-19,5,Tuesday
2019-11-21,1,Thursday
2019-11-22,2,Friday
2019-11-23,1,Saturday
2019-11-24,1,Sunday
2019-11-25,5,Monday
2019-11-26,3,Tuesday
2019-11-27,2,Wednesday
2019-11-28,4,Thursday
2019-11-29,3,Friday
2019-11-30,2,Saturday
2019-12-01,2,Sunday
2019-12-02,4,Monday
2019-12-03,3,Tuesday
2019-12-04,3,Wednesday
2019-12-05,3,Thursday
2019-12-06,2,Friday
2019-12-08,1,Sunday
2019-12-09,4,Monday
2019-12-10,1,Tuesday
2019-12-11,4,Wednesday
2019-12-12,2,Thursday
2019-12-13,4,Friday
2019-12-15,1,Sunday
2019-12-16,5,Monday
2019-12-17,4,Tuesday
2019-12-18,7,Wednesday
2019-12-19,5,Thursday
2019-12-20,4,Friday
2019-12-21,5,Saturday
2019-12-22,2,Sunday
2019-12-23,3,Monday
2019-12-24,1,Tuesday
2019-12-25,6,Wednesday
2019-12-26,4,Thursday
2019-12-27,2,Friday
2019-12-28,1,Saturday
2019-12-29,4,Sunday
2019-12-30,1,Monday
2019-12-31,4,Tuesday
2020-01-02,1,Thursday
2020-01-03,1,Friday
2020-01-04,1,Saturday
2020-01-06,1,Monday
2020-01-08,4,Wednesday
2020-01-09,2,Thursday
2020-01-10,2,Friday
2020-01-11,4,Saturday
2020-01-12,2,Sunday
2020-01-13,4,Monday
2020-01-14,3,Tuesday
2020-01-15,1,Wednesday
2020-01-16,1,Thursday
2020-01-17,1,Friday
2020-01-18,1,Saturday
2020-01-19,2,Sunday
2020-01-20,3,Monday
2020-01-21,2,Tuesday
2020-01-22,2,Wednesday
2020-01-24,4,Friday
2020-01-26,1,Sunday
2020-01-27,7,Monday
2020-01-28,5,Tuesday
2020-01-29,3,Wednesday
2020-01-30,3,Thursday
2020-01-31,4,Friday
2020-02-01,1,Saturday
2020-02-02,3,Sunday
2020-02-03,4,Monday
2020-02-04,5,Tuesday
2020-02-05,3,Wednesday
2020-02-06,2,Thursday
2020-02-07,3,Friday
2020-02-08,3,Saturday
2020-02-09,1,Sunday
2020-02-10,5,Monday
2020-02-11,4,Tuesday
2020-02-12,3,Wednesday
2020-02-13,1,Thursday
2020-02-16,1,Sunday
2020-02-17,3,Monday
2020-02-18,2,Tuesday
2020-02-19,5,Wednesday
2020-02-20,1,Thursday
2020-02-21,2,Friday
2020-02-22,2,Saturday
2020-02-23,1,Sunday
2020-02-24,4,Monday
2020-02-26,4,Wednesday
2020-02-27,1,Thursday
2020-02-28,4,Friday
2020-02-29,1,Saturday
2020-03-01,2,Sunday
2020-03-02,2,Monday
2020-03-04,2,Wednesday
2020-03-05,2,Thursday
2020-03-06,6,Friday
2020-03-07,1,Saturday
2020-03-08,2,Sunday
2020-03-09,2,Monday
2020-03-11,3,Wednesday
2020-03-12,4,Thursday
2020-03-13,3,Friday
2020-03-14,2,Saturday
2020-03-15,5,Sunday
2020-03-16,3,Monday
2020-03-17,5,Tuesday
2020-03-18,7,Wednesday
2020-03-19,6,Thursday
2020-03-20,6,Friday
2020-03-21,3,Saturday
2020-03-22,1,Sunday
2020-03-23,4,Monday
2020-03-24,3,Tuesday
2020-03-25,1,Wednesday
2020-03-26,5,Thursday
2020-03-27,4,Friday
2020-03-28,1,Saturday
2020-03-29,1,Sunday
2020-03-30,4,Monday
2020-03-31,5,Tuesday
2020-04-01,4,Wednesday
2020-04-02,4,Thursday
2020-04-03,5,Friday
2020-04-04,1,Saturday
2020-04-05,2,Sunday
2020-04-06,5,Monday
2020-04-07,4,Tuesday
2020-04-08,4,Wednesday
2020-04-09,3,Thursday
2020-04-12,4,Sunday
2020-04-13,6,Monday
2020-04-14,3,Tuesday
2020-04-15,5,Wednesday
2020-04-16,2,Thursday
2020-04-17,1,Friday
2020-04-19,3,Sunday
2020-04-20,5,Monday
2020-04-21,1,Tuesday
2020-04-22,2,Wednesday
2020-04-23,3,Thursday
2020-04-24,5,Friday
2020-04-25,1,Saturday
2020-04-26,2,Sunday
2020-04-27,2,Monday
2020-04-28,5,Tuesday
2020-04-29,3,Wednesday
2020-04-30,2,Thursday
2020-05-01,1,Friday
2020-05-02,1,Saturday
2020-05-03,2,Sunday
2020-05-04,4,Monday
2020-05-05,3,Tuesday
2020-05-06,3,Wednesday
2020-05-07,3,Thursday
2020-05-08,1,Friday
2020-05-09,3,Saturday
2020-05-10,1,Sunday
2020-05-11,4,Monday
2020-05-12,2,Tuesday
2020-05-14,2,Thursday
2020-05-15,1,Friday
2020-05-17,3,Sunday
2020-05-18,4,Monday
2020-05-19,2,Tuesday
2020-05-20,5,Wednesday
2020-05-21,1,Thursday
2020-05-23,1,Saturday
2020-05-24,5,Sunday
2020-05-25,5,Monday
2020-05-26,5,Tuesday
2020-05-27,7,Wednesday
2020-05-28,2,Thursday
2020-05-29,3,Friday
2020-05-30,1,Saturday
2020-05-31,2,Sunday
2020-06-01,1,Monday
2020-06-02,1,Tuesday
2020-06-03,3,Wednesday
2020-06-04,5,Thursday
2020-06-05,1,Friday
2020-06-06,1,Saturday
2020-06-07,3,Sunday
2020-06-08,3,Monday
2020-06-09,2,Tuesday
2020-06-11,2,Thursday
2020-06-14,2,Sunday
2020-06-15,2,Monday
2020-06-16,1,Tuesday
2020-06-17,4,Wednesday
2020-06-18,5,Thursday
2020-06-20,1,Saturday
2020-06-21,1,Sunday
2020-06-22,3,Monday
2020-06-23,2,Tuesday
2020-06-24,3,Wednesday
2020-06-25,1,Thursday
2020-06-26,8,Friday
2020-06-27,2,Saturday
2020-06-28,3,Sunday
2020-06-29,4,Monday
2020-06-30,2,Tuesday
2020-07-01,1,Wednesday
2020-07-02,4,Thursday
2020-07-03,1,Friday
2020-07-04,1,Saturday
2020-07-05,2,Sunday
2020-07-06,4,Monday
2020-07-07,3,Tuesday
2020-07-08,4,Wednesday
2020-07-09,2,Thursday
2020-07-11,3,Saturday
2020-07-12,2,Sunday
2020-07-13,3,Monday
2020-07-14,3,Tuesday
2020-07-15,2,Wednesday
2020-07-16,7,Thursday
2020-07-17,3,Friday
2020-07-19,1,Sunday
2020-07-20,5,Monday
2020-07-21,3,Tuesday
2020-07-22,1,Wednesday
2020-07-23,2,Thursday
2020-07-24,2,Friday
2020-07-25,2,Saturday
2020-07-26,2,Sunday
2020-07-27,2,Monday
2020-07-28,2,Tuesday
2020-07-29,4,Wednesday
2020-07-30,5,Thursday
2020-07-31,6,Friday
2020-08-01,1,Saturday
2020-08-02,2,Sunday
2020-08-03,3,Monday
2020-08-04,3,Tuesday
2020-08-05,1,Wednesday
2020-08-06,2,Thursday
2020-08-07,2,Friday
2020-08-09,1,Sunday
2020-08-10,4,Monday
2020-08-11,2,Tuesday
2020-08-12,3,Wednesday
2020-08-13,5,Thursday
2020-08-14,6,Friday
2020-08-15,2,Saturday
2020-08-16,1,Sunday
2020-08-17,3,Monday
2020-08-18,3,Tuesday
2020-08-19,1,Wednesday
2020-08-20,2,Thursday
2020-08-21,1,Friday
2020-08-22,1,Saturday
2020-08-23,2,Sunday
2020-08-24,1,Monday
2020-08-25,2,Tuesday
2020-08-26,3,Wednesday
2020-08-27,4,Thursday
2020-08-28,3,Friday
2020-08-29,2,Saturday
2020-08-30,1,Sunday
2020-08-31,5,Monday
2020-09-01,5,Tuesday
2020-09-02,1,Wednesday
2020-09-03,2,Thursday
2020-09-04,1,Friday
2020-09-06,3,Sunday
2020-09-07,7,Monday
2020-09-08,2,Tuesday
2020-09-09,2,Wednesday
2020-09-10,6,Thursday
2020-09-11,1,Friday
2020-09-12,2,Saturday
2020-09-13,3,Sunday
2020-09-14,5,Monday
2020-09-15,1,Tuesday
2020-09-16,4,Wednesday
2020-09-17,9,Thursday
2020-09-18,2,Friday
2020-09-19,1,Saturday
2020-09-20,4,Sunday
2020-09-21,3,Monday
2020-09-22,6,Tuesday
2020-09-23,1,Wednesday
2020-09-24,2,Thursday
2020-09-25,5,Friday
2020-09-26,2,Saturday
2020-09-27,4,Sunday
2020-09-28,3,Monday
2020-09-29,3,Tuesday
2020-09-30,5,Wednesday
2020-10-01,1,Thursday
2020-10-02,4,Friday
2020-10-03,2,Saturday
2020-10-04,2,Sunday
2020-10-05,3,Monday
2020-10-06,2,Tuesday
2020-10-07,5,Wednesday
2020-10-08,2,Thursday
2020-10-09,4,Friday
2020-10-10,4,Saturday
2020-10-11,5,Sunday
2020-10-12,2,Monday
2020-10-13,4,Tuesday
2020-10-15,3,Thursday
2020-10-16,5,Friday
2020-10-17,1,Saturday
2020-10-18,1,Sunday
2020-10-19,7,Monday
2020-10-20,2,Tuesday
2020-10-21,1,Wednesday
2020-10-22,1,Thursday
2020-10-23,2,Friday
2020-10-24,1,Saturday
2020-10-25,2,Sunday
2020-10-26,1,Monday
2020-10-27,2,Tuesday
2020-10-28,2,Wednesday
2020-10-29,2,Thursday
2020-10-30,5,Friday
2020-11-01,1,Sunday
2020-11-02,6,Monday
2020-11-03,3,Tuesday
2020-11-04,2,Wednesday
2020-11-05,5,Thursday
2020-11-06,1,Friday
2020-11-08,2,Sunday
2020-11-09,3,Monday
2020-11-10,3,Tuesday
2020-11-11,6,Wednesday
2020-11-12,4,Thursday
2020-11-13,1,Friday
2020-11-15,2,Sunday
2020-11-16,4,Monday
2020-11-17,5,Tuesday
2020-11-18,2,Wednesday
2020-11-21,1,Saturday
2020-11-22,1,Sunday
2020-11-23,3,Monday
2020-11-24,3,Tuesday
2020-11-25,3,Wednesday
2020-11-26,2,Thursday
2020-11-27,1,Friday
2020-11-29,2,Sunday
2020-11-30,4,Monday
2020-12-01,3,Tuesday
2020-12-02,4,Wednesday
2020-12-03,4,Thursday
2020-12-04,3,Friday
2020-12-05,3,Saturday
2020-12-06,3,Sunday
2020-12-07,4,Monday
2020-12-08,3,Tuesday
2020-12-09,5,Wednesday
2020-12-10,3,Thursday
2020-12-11,1,Friday
2020-12-13,3,Sunday
2020-12-14,4,Monday
2020-12-15,5,Tuesday
2020-12-16,1,Wednesday
2020-12-17,2,Thursday
2020-12-18,5,Friday
2020-12-20,2,Sunday
2020-12-21,2,Monday
2020-12-22,5,Tuesday
2020-12-23,2,Wednesday
2020-12-24,4,Thursday
2020-12-25,1,Friday
2020-12-26,1,Saturday
2020-12-27,2,Sunday
2020-12-28,2,Monday
2020-12-29,5,Tuesday
2020-12-30,2,Wednesday
2020-12-31,2,Thursday
2021-01-03,2,Sunday
2021-01-04,5,Monday
2021-01-05,2,Tuesday
2021-01-06,2,Wednesday
2021-01-07,3,Thursday
2021-01-08,1,Friday
2021-01-09,1,Saturday
2021-01-10,2,Sunday
2021-01-11,5,Monday
2021-01-12,1,Tuesday
2021-01-13,2,Wednesday
2021-01-14,3,Thursday
2021-01-15,5,Friday
2021-01-17,2,Sunday
2021-01-18,8,Monday
2021-01-19,9,Tuesday
2021-01-20,7,Wednesday
2021-01-21,6,Thursday
2021-01-22,5,Friday
2021-01-24,4,Sunday
2021-01-25,5,Monday
2021-01-26,4,Tuesday
2021-01-27,1,Wednesday
2021-01-28,8,Thursday
2021-01-29,9,Friday
2021-01-30,3,Saturday
2021-01-31,6,Sunday
2021-02-01,6,Monday
2021-02-02,2,Tuesday
2021-02-03,1,Wednesday
2021-02-04,4,Thursday
2021-02-05,2,Friday
2021-02-06,2,Saturday
2021-02-07,3,Sunday
2021-02-08,7,Monday
2021-02-09,3,Tuesday
2021-02-10,1,Wednesday
2021-02-11,3,Thursday
2021-02-12,1,Friday
2021-02-13,2,Saturday
2021-02-14,5,Sunday
2021-02-15,2,Monday
2021-02-16,3,Tuesday
2021-02-18,5,Thursday
2021-02-19,1,Friday
2021-02-20,3,Saturday
2021-02-21,1,Sunday
2021-02-22,2,Monday
2021-02-23,2,Tuesday
2021-02-24,8,Wednesday
2021-02-25,7,Thursday
2021-02-26,6,Friday
2021-02-27,3,Saturday
2021-02-28,6,Sunday
2021-03-01,2,Monday
2021-03-02,7,Tuesday
2021-03-03,2,Wednesday
2021-03-04,7,Thursday
2021-03-05,2,Friday
2021-03-06,1,Saturday
2021-03-07,1,Sunday
2021-03-08,1,Monday
2021-03-09,2,Tuesday
2021-03-10,3,Wednesday
2021-03-11,7,Thursday
2021-03-12,2,Friday
2021-03-13,1,Saturday
2021-03-14,2,Sunday
2021-03-15,7,Monday
2021-03-16,4,Tuesday
2021-03-17,2,Wednesday
2021-03-18,2,Thursday
2021-03-19,2,Friday
2021-03-20,2,Saturday
2021-03-21,1,Sunday
2021-03-22,6,Monday
2021-03-23,3,Tuesday
2021-03-24,6,Wednesday
2021-03-25,3,Thursday
2021-03-26,4,Friday
2021-03-27,1,Saturday
2021-03-28,2,Sunday
2021-03-29,4,Monday
2021-03-30,5,Tuesday
2021-03-31,3,Wednesday
2021-04-01,3,Thursday
2021-04-02,1,Friday
2021-04-03,2,Saturday
2021-04-04,1,Sunday
2021-04-05,6,Monday
2021-04-06,4,Tuesday
2021-04-07,3,Wednesday
2021-04-08,6,Thursday
2021-04-09,2,Friday
2021-04-11,2,Sunday
2021-04-12,7,Monday
2021-04-13,3,Tuesday
2021-04-14,4,Wednesday
2021-04-15,3,Thursday
2021-04-16,2,Friday
2021-04-18,3,Sunday
2021-04-19,2,Monday
2021-04-20,2,Tuesday
2021-04-21,3,Wednesday
2021-04-22,4,Thursday
2021-04-23,1,Friday
2021-04-24,1,Saturday
2021-04-25,1,Sunday
2021-04-26,2,Monday
2021-04-27,6,Tuesday
2021-04-28,3,Wednesday
2021-04-29,3,Thursday
2021-04-30,4,Friday
2021-05-02,1,Sunday
2021-05-03,2,Monday
2021-05-05,2,Wednesday
2021-05-06,4,Thursday
2021-05-07,4,Friday
2021-05-09,1,Sunday
2021-05-10,1,Monday
2021-05-11,7,Tuesday
2021-05-12,2,Wednesday
2021-05-13,3,Thursday
2021-05-14,2,Friday
2021-05-15,1,Saturday
2021-05-16,1,Sunday
2021-05-17,5,Monday
2021-05-18,4,Tuesday
2021-05-19,2,Wednesday
2021-05-20,4,Thursday
2021-05-21,2,Friday
2021-05-22,2,Saturday
2021-05-23,1,Sunday
2021-05-24,2,Monday
2021-05-25,4,Tuesday
2021-05-26,3,Wednesday
2021-05-27,6,Thursday
2021-05-28,1,Friday
2021-05-30,1,Sunday
2021-05-31,5,Monday
2021-06-01,5,Tuesday
2021-06-02,2,Wednesday
2021-06-03,1,Thursday
2021-06-05,2,Saturday
2021-06-06,1,Sunday
2021-06-07,4,Monday
2021-06-08,5,Tuesday
2021-06-09,6,Wednesday
2021-06-10,3,Thursday
2021-06-11,2,Friday
2021-06-12,2,Saturday
2021-06-13,1,Sunday
2021-06-14,3,Monday
2021-06-15,7,Tuesday
2021-06-16,4,Wednesday
2021-06-17,4,Thursday
2021-06-18,2,Friday
2021-06-19,1,Saturday
2021-06-20,1,Sunday
2021-06-21,1,Monday
2021-06-22,4,Tuesday
2021-06-23,3,Wednesday
2021-06-24,4,Thursday
2021-06-25,3,Friday
2021-06-26,2,Saturday
2021-06-27,1,Sunday
2021-06-28,1,Monday
2021-06-29,2,Tuesday
2021-06-30,7,Wednesday
2021-07-01,3,Thursday
2021-07-02,3,Friday
2021-07-03,1,Saturday
2021-07-04,5,Sunday
2021-07-06,4,Tuesday
2021-07-07,4,Wednesday
2021-07-08,2,Thursday
2021-07-09,3,Friday
2021-07-10,4,Saturday
2021-07-11,2,Sunday
2021-07-12,6,Monday
2021-07-13,5,Tuesday
2021-07-14,1,Wednesday
2021-07-15,1,Thursday
2021-07-16,6,Friday
2021-07-17,1,Saturday
2021-07-18,2,Sunday
2021-07-19,4,Monday
2021-07-20,2,Tuesday
2021-07-21,5,Wednesday
2021-07-22,5,Thursday
2021-07-23,1,Friday
2021-07-24,1,Saturday
2021-07-25,2,Sunday
2021-07-26,6,Monday
2021-07-27,4,Tuesday
2021-07-28,2,Wednesday
2021-07-29,4,Thursday
2021-07-30,3,Friday
2021-08-01,2,Sunday
2021-08-02,2,Monday
2021-08-03,1,Tuesday
2021-08-04,6,Wednesday
2021-08-05,4,Thursday
2021-08-06,1,Friday
2021-08-07,1,Saturday
2021-08-08,3,Sunday
2021-08-09,7,Monday
2021-08-10,3,Tuesday
2021-08-11,4,Wednesday
2021-08-12,2,Thursday
2021-08-13,4,Friday
2021-08-15,2,Sunday
2021-08-16,4,Monday
2021-08-17,4,Tuesday
2021-08-18,4,Wednesday
2021-08-19,3,Thursday
2021-08-20,3,Friday
2021-08-21,2,Saturday
2021-08-22,1,Sunday
2021-08-23,1,Monday
2021-08-24,3,Tuesday
2021-08-25,3,Wednesday
2021-08-27,3,Friday
2021-08-29,2,Sunday
2021-08-30,3,Monday
2021-08-31,3,Tuesday
2021-09-01,2,Wednesday
2021-09-02,5,Thursday
2021-09-03,1,Friday
2021-09-05,1,Sunday
2021-09-06,2,Monday
2021-09-07,2,Tuesday
2021-09-08,1,Wednesday
2021-09-09,4,Thursday
2021-09-10,4,Friday
2021-09-11,1,Saturday
2021-09-12,3,Sunday
2021-09-13,6,Monday
2021-09-14,5,Tuesday
2021-09-15,7,Wednesday
2021-09-16,5,Thursday
2021-09-17,2,Friday
2021-09-18,2,Saturday
2021-09-19,1,Sunday
2021-09-20,1,Monday
2021-09-21,6,Tuesday
2021-09-22,6,Wednesday
2021-09-23,4,Thursday
2021-09-24,5,Friday
2021-09-26,1,Sunday
2021-09-27,5,Monday
2021-09-28,2,Tuesday
2021-09-29,4,Wednesday
2021-09-30,3,Thursday
2021-10-01,3,Friday
2021-10-02,1,Saturday
2021-10-03,1,Sunday
2021-10-04,2,Monday
2021-10-05,3,Tuesday
2021-10-06,4,Wednesday
2021-10-07,6,Thursday
2021-10-08,5,Friday
2021-10-10,1,Sunday
2021-10-11,4,Monday
2021-10-12,4,Tuesday
2021-10-13,3,Wednesday
2021-10-14,4,Thursday
2021-10-15,4,Friday
2021-10-16,1,Saturday
2021-10-17,3,Sunday
2021-10-19,3,Tuesday
2021-10-20,4,Wednesday
2021-10-21,3,Thursday
2021-10-22,5,Friday
2021-10-23,1,Saturday
2021-10-24,3,Sunday
2021-10-25,5,Monday
2021-10-26,2,Tuesday
2021-10-27,4,Wednesday
2021-10-28,4,Thursday
2021-10-29,2,Friday
2021-10-30,2,Saturday
2021-10-31,3,Sunday
2021-11-01,5,Monday
2021-11-02,2,Tuesday
2021-11-03,4,Wednesday
2021-11-04,2,Thursday
2021-11-05,4,Friday
2021-11-06,2,Saturday
2021-11-07,3,Sunday
2021-11-08,4,Monday
2021-11-09,3,Tuesday
2021-11-10,5,Wednesday
2021-11-11,4,Thursday
2021-11-12,5,Friday
2021-11-14,1,Sunday
2021-11-15,5,Monday
2021-11-16,5,Tuesday
2021-11-17,1,Wednesday
2021-11-18,8,Thursday
2021-11-19,5,Friday
2021-11-21,1,Sunday
2021-11-22,5,Monday
2021-11-23,4,Tuesday
2021-11-24,2,Wednesday
2021-11-25,6,Thursday
2021-11-26,4,Friday
2021-11-27,1,Saturday
2021-11-28,2,Sunday
2021-11-29,3,Monday
2021-11-30,7,Tuesday
2021-12-01,1,Wednesday
2021-12-02,6,Thursday
2021-12-03,3,Friday
2021-12-04,3,Saturday
2021-12-05,1,Sunday
2021-12-06,6,Monday
2021-12-08,3,Wednesday
2021-12-09,3,Thursday
2021-12-10,7,Friday
2021-12-12,2,Sunday
2021-12-13,3,Monday
2021-12-14,8,Tuesday
2021-12-15,4,Wednesday
2021-12-16,2,Thursday
2021-12-17,5,Friday
2021-12-19,4,Sunday
2021-12-20,3,Monday
2021-12-21,5,Tuesday
2021-12-22,3,Wednesday
2021-12-23,6,Thursday
2021-12-24,4,Friday
2021-12-25,2,Saturday
2021-12-26,5,Sunday
2021-12-27,9,Monday
2021-12-28,5,Tuesday
2021-12-29,5,Wednesday
2021-12-30,7,Thursday
2021-12-31,1,Friday
2022-01-01,1,Saturday
2022-01-02,5,Sunday
2022-01-03,3,Monday
2022-01-04,6,Tuesday
2022-01-05,3,Wednesday
2022-01-06,2,Thursday
2022-01-07,1,Friday
2022-01-08,1,Saturday
2022-01-09,3,Sunday
2022-01-10,5,Monday
2022-01-11,3,Tuesday
2022-01-12,5,Wednesday
2022-01-13,4,Thursday
2022-01-14,5,Friday
2022-01-16,2,Sunday
2022-01-17,5,Monday
2022-01-18,4,Tuesday
2022-01-19,5,Wednesday
2022-01-20,1,Thursday
2022-01-21,5,Friday
2022-01-22,1,Saturday
2022-01-23,5,Sunday
2022-01-24,3,Monday
2022-01-25,5,Tuesday
2022-01-26,5,Wednesday
2022-01-27,5,Thursday
2022-01-28,4,Friday
2022-01-30,3,Sunday
2022-01-31,4,Monday
2022-02-01,6,Tuesday
2022-02-02,1,Wednesday
2022-02-03,1,Thursday
2022-02-04,2,Friday
2022-02-06,3,Sunday
2022-02-07,6,Monday
2022-02-08,2,Tuesday
2022-02-09,6,Wednesday
2022-02-10,4,Thursday
2022-02-11,3,Friday
2022-02-12,1,Saturday
2022-02-13,2,Sunday
2022-02-14,3,Monday
2022-02-15,5,Tuesday
2022-02-16,8,Wednesday
2022-02-17,4,Thursday
2022-02-18,6,Friday
2022-02-20,2,Sunday
2022-02-21,4,Monday
2022-02-22,4,Tuesday
2022-02-23,1,Wednesday
2022-02-24,2,Thursday
2022-02-25,2,Friday
2022-02-27,1,Sunday
2022-02-28,2,Monday
2022-03-01,1,Tuesday
2022-03-02,1,Wednesday
2022-03-04,3,Friday
2022-03-06,1,Sunday
2022-03-09,2,Wednesday
2022-03-10,1,Thursday
2022-03-11,1,Friday
2022-03-13,1,Sunday
2022-03-14,3,Monday
2022-03-15,3,Tuesday
2022-03-16,5,Wednesday
2022-03-17,1,Thursday
2022-03-21,2,Monday
2022-03-22,2,Tuesday
2022-03-23,2,Wednesday
2022-03-24,3,Thursday
2022-03-25,1,Friday
2022-03-26,2,Saturday
2022-03-27,1,Sunday
2022-03-28,1,Monday
2022-03-29,5,Tuesday
2022-03-30,1,Wednesday
2022-03-31,3,Thursday
2022-04-01,5,Friday
2022-04-04,4,Monday
2022-04-05,2,Tuesday
2022-04-06,6,Wednesday
2022-04-07,3,Thursday
2022-04-08,3,Friday
2022-04-10,1,Sunday
2022-04-11,3,Monday
2022-04-12,6,Tuesday
2022-04-13,6,Wednesday
2022-04-14,4,Thursday
2022-04-15,2,Friday
2022-04-16,1,Saturday
2022-04-18,3,Monday
2022-04-19,4,Tuesday
2022-04-20,3,Wednesday
2022-04-21,3,Thursday
2022-04-22,2,Friday
2022-04-24,1,Sunday
2022-04-25,1,Monday
2022-04-26,2,Tuesday
2022-04-27,1,Wednesday
2022-04-28,3,Thursday
2022-04-29,4,Friday
2022-04-30,2,Saturday
2022-05-01,1,Sunday
2022-05-02,1,Monday
2022-05-04,1,Wednesday
2022-05-05,1,Thursday
2022-05-06,1,Friday
2022-05-07,1,Saturday
2022-05-09,2,Monday
2022-05-11,3,Wednesday
2022-05-12,1,Thursday
2022-05-13,4,Friday
2022-05-14,2,Saturday
2022-05-17,6,Tuesday
2022-05-18,3,Wednesday
2022-05-19,1,Thursday
2022-05-20,2,Friday
2022-05-21,2,Saturday
2022-05-22,3,Sunday
2022-05-23,2,Monday
2022-05-24,2,Tuesday
2022-05-25,3,Wednesday
2022-05-26,2,Thursday
2022-05-27,2,Friday
2022-05-29,1,Sunday
2022-05-30,2,Monday
2022-05-31,2,Tuesday
2022-06-01,4,Wednesday
2022-06-06,2,Monday
2022-06-07,3,Tuesday
2022-06-08,1,Wednesday
2022-06-09,3,Thursday
2022-06-10,3,Friday
2022-06-12,3,Sunday
2022-06-14,3,Tuesday
2022-06-17,7,Friday
2022-06-18,1,Saturday
2022-06-19,2,Sunday
2022-06-20,3,Monday
2022-06-21,3,Tuesday
2022-06-22,1,Wednesday
2022-06-23,2,Thursday
2022-06-24,3,Friday
2022-06-25,2,Saturday
2022-06-26,1,Sunday
2022-06-28,3,Tuesday
2022-06-29,5,Wednesday
2022-06-30,5,Thursday
2022-07-01,1,Friday
2022-07-03,1,Sunday
2022-07-04,1,Monday
2022-07-05,1,Tuesday
2022-07-06,3,Wednesday
2022-07-07,2,Thursday
2022-07-08,1,Friday
2022-07-09,1,Saturday
2022-07-10,2,Sunday
2022-07-11,2,Monday
2022-07-12,4,Tuesday
2022-07-13,3,Wednesday
2022-07-14,2,Thursday
2022-07-15,3,Friday
2022-07-16,2,Saturday
2022-07-17,1,Sunday
2022-07-18,1,Monday
2022-07-19,3,Tuesday
2022-07-20,4,Wednesday
2022-07-21,2,Thursday
2022-07-22,2,Friday
2022-07-23,2,Saturday
2022-07-24,2,Sunday
2022-07-25,2,Monday
2022-07-26,4,Tuesday
2022-07-27,3,Wednesday
2022-07-28,5,Thursday
2022-07-29,3,Friday
2022-07-30,2,Saturday
2022-07-31,1,Sunday
2022-08-01,1,Monday
2022-08-02,1,Tuesday
2022-08-03,4,Wednesday
2022-08-04,1,Thursday
2022-08-05,1,Friday
2022-08-06,1,Saturday
2022-08-07,1,Sunday
2022-08-08,3,Monday
2022-08-10,3,Wednesday
2022-08-11,2,Thursday
2022-08-12,4,Friday
2022-08-13,1,Saturday
2022-08-14,3,Sunday
2022-08-15,4,Monday
2022-08-16,3,Tuesday
2022-08-17,2,Wednesday
2022-08-18,4,Thursday
2022-08-19,2,Friday
2022-08-20,3,Saturday
2022-08-21,4,Sunday
2022-08-22,1,Monday
2022-08-23,6,Tuesday
2022-08-24,2,Wednesday
2022-08-25,2,Thursday
2022-08-26,1,Friday
2022-08-28,1,Sunday
2022-08-29,1,Monday
2022-08-30,4,Tuesday
2022-08-31,2,Wednesday
2022-09-01,5,Thursday
2022-09-02,3,Friday
2022-09-03,3,Saturday
2022-09-04,2,Sunday
2022-09-05,3,Monday
2022-09-06,2,Tuesday
2022-09-07,2,Wednesday
2022-09-08,3,Thursday
2022-09-09,3,Friday
2022-09-10,2,Saturday
2022-09-11,1,Sunday
2022-09-12,1,Monday
2022-09-13,2,Tuesday
2022-09-14,3,Wednesday
2022-09-15,5,Thursday
2022-09-16,4,Friday
2022-09-17,1,Saturday
2022-09-18,3,Sunday
2022-09-19,2,Monday
2022-09-20,3,Tuesday
2022-09-21,5,Wednesday
2022-09-22,2,Thursday
2022-09-23,1,Friday
2022-09-24,2,Saturday
2022-09-26,5,Monday
2022-09-27,2,Tuesday
2022-09-28,3,Wednesday
2022-09-29,3,Thursday
2022-09-30,1,Friday
2022-10-01,1,Saturday
2022-10-02,1,Sunday
2022-10-04,5,Tuesday
2022-10-05,2,Wednesday
2022-10-06,2,Thursday
2022-10-07,5,Friday
2022-10-08,1,Saturday
2022-10-09,1,Sunday
2022-10-10,3,Monday
2022-10-11,1,Tuesday
2022-10-12,4,Wednesday
2022-10-13,1,Thursday
2022-10-14,3,Friday
2022-10-15,3,Saturday
2022-10-16,2,Sunday
2022-10-17,1,Monday
2022-10-18,3,Tuesday
2022-10-19,4,Wednesday
2022-10-20,1,Thursday
2022-10-21,4,Friday
2022-10-22,2,Saturday
2022-10-23,4,Sunday
2022-10-24,2,Monday
2022-10-25,3,Tuesday
2022-10-26,4,Wednesday
2022-10-27,3,Thursday
2022-10-28,2,Friday
2022-10-29,2,Saturday
2022-10-30,2,Sunday
2022-10-31,2,Monday
2022-11-01,4,Tuesday
2022-11-02,2,Wednesday
2022-11-03,4,Thursday
2022-11-05,2,Saturday
2022-11-06,2,Sunday
2022-11-07,6,Monday
2022-11-08,3,Tuesday
2022-11-09,2,Wednesday
2022-11-10,2,Thursday
2022-11-11,5,Friday
2022-11-12,1,Saturday
2022-11-14,1,Monday
2022-11-15,6,Tuesday
2022-11-16,7,Wednesday
2022-11-18,3,Friday
2022-11-20,4,Sunday
2022-11-21,3,Monday
2022-11-22,4,Tuesday
2022-11-23,4,Wednesday
2022-11-24,4,Thursday
2022-11-25,1,Friday
2022-11-26,4,Saturday
2022-11-27,1,Sunday
2022-11-28,4,Monday
2022-11-29,4,Tuesday
2022-11-30,5,Wednesday
2022-12-01,7,Thursday
2022-12-02,2,Friday
2022-12-03,3,Saturday
2022-12-04,2,Sunday
2022-12-05,1,Monday
2022-12-06,5,Tuesday
2022-12-07,5,Wednesday
2022-12-08,2,Thursday
2022-12-09,2,Friday
2022-12-10,1,Saturday
2022-12-11,2,Sunday
2022-12-12,3,Monday
2022-12-13,3,Tuesday
2022-12-14,2,Wednesday
2022-12-15,2,Thursday
2022-12-16,2,Friday
2022-12-17,2,Saturday
2022-12-18,4,Sunday
2022-12-19,3,Monday
2022-12-20,3,Tuesday
2022-12-21,4,Wednesday
2022-12-22,3,Thursday
2022-12-23,3,Friday
2022-12-24,1,Saturday
2022-12-25,2,Sunday
2022-12-26,5,Monday
2022-12-27,3,Tuesday
2022-12-28,5,Wednesday
2022-12-29,4,Thursday
2022-12-30,6,Friday
2022-12-31,4,Saturday
2023-01-01,1,Sunday
2023-01-02,4,Monday
2023-01-03,1,Tuesday
2023-01-04,4,Wednesday
2023-01-06,3,Friday
2023-01-07,5,Saturday
2023-01-08,4,Sunday
2023-01-09,1,Monday
2023-01-10,1,Tuesday
2023-01-11,4,Wednesday
2023-01-12,3,Thursday
2023-01-13,3,Friday
2023-01-14,3,Saturday
2023-01-16,4,Monday
2023-01-17,3,Tuesday
2023-01-18,1,Wednesday
2023-01-19,3,Thursday
2023-01-20,2,Friday
2023-01-21,1,Saturday
2023-01-22,4,Sunday
2023-01-24,6,Tuesday
2023-01-25,3,Wednesday
2023-01-26,2,Thursday
2023-01-27,2,Friday
2023-01-28,1,Saturday
2023-01-29,5,Sunday
2023-01-30,4,Monday
2023-01-31,4,Tuesday
2023-02-01,3,Wednesday
2023-02-02,1,Thursday
2023-02-03,2,Friday
2023-02-04,4,Saturday
2023-02-05,1,Sunday
2023-02-06,2,Monday
2023-02-07,1,Tuesday
2023-02-08,2,Wednesday
2023-02-09,1,Thursday
2023-02-10,4,Friday
2023-02-12,1,Sunday
2023-02-13,1,Monday
2023-02-14,2,Tuesday
2023-02-15,2,Wednesday
2023-02-16,5,Thursday
2023-02-17,3,Friday
2023-02-18,2,Saturday
2023-02-19,1,Sunday
2023-02-20,5,Monday
2023-02-21,4,Tuesday
2023-02-22,2,Wednesday
2023-02-23,2,Thursday
2023-02-24,1,Friday
2023-02-25,3,Saturday
2023-02-26,3,Sunday
2023-02-27,2,Monday
2023-02-28,3,Tuesday
2023-03-01,2,Wednesday
2023-03-02,2,Thursday
2023-03-03,2,Friday
2023-03-04,2,Saturday
2023-03-06,3,Monday
2023-03-07,2,Tuesday
2023-03-08,2,Wednesday
2023-03-09,1,Thursday
2023-03-10,2,Friday
2023-03-11,4,Saturday
2023-03-12,2,Sunday
2023-03-14,5,Tuesday
2023-03-15,4,Wednesday
2023-03-16,1,Thursday
2023-03-17,3,Friday
2023-03-18,3,Saturday
2023-03-19,2,Sunday
2023-03-20,7,Monday
2023-03-21,3,Tuesday
2023-03-22,3,Wednesday
2023-03-23,2,Thursday
2023-03-24,3,Friday
2023-03-25,4,Saturday
2023-03-26,2,Sunday
2023-03-27,4,Monday
2023-03-28,2,Tuesday
2023-03-29,1,Wednesday
2023-03-30,6,Thursday
2023-03-31,7,Friday
2023-04-01,5,Saturday
2023-04-02,2,Sunday
2023-04-03,2,Monday
2023-04-04,2,Tuesday
2023-04-05,1,Wednesday
2023-04-06,1,Thursday
2023-04-07,4,Friday
2023-04-08,5,Saturday
2023-04-09,1,Sunday
2023-04-11,6,Tuesday
2023-04-12,5,Wednesday
2023-04-13,4,Thursday
2023-04-14,3,Friday
2023-04-15,2,Saturday
2023-04-16,2,Sunday
2023-04-17,1,Monday
2023-04-18,7,Tuesday
2023-04-19,6,Wednesday
2023-04-20,4,Thursday
2023-04-21,3,Friday
2023-04-22,4,Saturday
2023-04-23,4,Sunday
2023-04-24,2,Monday
2023-04-25,13,Tuesday
2023-04-26,4,Wednesday
2023-04-27,2,Thursday
2023-04-28,7,Friday
2023-04-29,3,Saturday
2023-04-30,3,Sunday
2023-05-01,1,Monday
2023-05-02,7,Tuesday
2023-05-03,3,Wednesday
2023-05-04,4,Thursday
2023-05-05,4,Friday
2023-05-06,2,Saturday
2023-05-07,1,Sunday
2023-05-08,1,Monday
2023-05-09,1,Tuesday
2023-05-10,8,Wednesday
2023-05-11,5,Thursday
2023-05-12,7,Friday
2023-05-13,1,Saturday
2023-05-14,3,Sunday
2023-05-15,6,Monday
2023-05-16,5,Tuesday
2023-05-17,6,Wednesday
2023-05-18,2,Thursday
2023-05-19,4,Friday
2023-05-20,4,Saturday
2023-05-22,3,Monday
2023-05-23,5,Tuesday
2023-05-24,7,Wednesday
2023-05-25,3,Thursday
2023-05-26,7,Friday
2023-05-27,2,Saturday
2023-05-29,3,Monday
2023-05-30,5,Tuesday
2023-05-31,3,Wednesday
2023-06-01,10,Thursday
2023-06-02,10,Friday
2023-06-03,1,Saturday
2023-06-04,3,Sunday
2023-06-05,6,Monday
2023-06-06,8,Tuesday
2023-06-07,5,Wednesday
2023-06-08,3,Thursday
2023-06-09,4,Friday
2023-06-10,4,Saturday
2023-06-11,2,Sunday
2023-06-12,1,Monday
2023-06-13,5,Tuesday
2023-06-14,8,Wednesday
2023-06-15,2,Thursday
2023-06-16,6,Friday
2023-06-17,3,Saturday
2023-06-18,1,Sunday
2023-06-19,8,Monday
2023-06-20,3,Tuesday
2023-06-21,8,Wednesday
2023-06-22,2,Thursday
2023-06-23,5,Friday
2023-06-24,1,Saturday
2023-06-26,6,Monday
2023-06-27,4,Tuesday
2023-06-28,5,Wednesday
2023-06-29,7,Thursday
2023-06-30,6,Friday
2023-07-01,2,Saturday
2023-07-02,2,Sunday
2023-07-03,5,Monday
2023-07-04,4,Tuesday
2023-07-05,1,Wednesday
2023-07-06,7,Thursday
2023-07-07,6,Friday
2023-07-08,2,Saturday
2023-07-09,1,Sunday
2023-07-10,5,Monday
2023-07-11,6,Tuesday
2023-07-12,6,Wednesday
2023-07-13,5,Thursday
2023-07-14,2,Friday
2023-07-15,2,Saturday
2023-07-16,1,Sunday
2023-07-17,4,Monday
2023-07-18,9,Tuesday
2023-07-19,6,Wednesday
2023-07-20,7,Thursday
2023-07-21,5,Friday
2023-07-22,4,Saturday
2023-07-23,1,Sunday
2023-07-24,3,Monday
2023-07-25,5,Tuesday
2023-07-26,4,Wednesday
2023-07-27,6,Thursday
2023-07-28,5,Friday
2023-07-29,3,Saturday
2023-07-30,1,Sunday
2023-07-31,4,Monday
2023-08-01,5,Tuesday
2023-08-02,3,Wednesday
2023-08-03,8,Thursday
2023-08-04,4,Friday
2023-08-05,2,Saturday
2023-08-06,2,Sunday
2023-08-07,9,Monday
2023-08-08,5,Tuesday
2023-08-09,7,Wednesday
2023-08-10,9,Thursday
2023-08-11,5,Friday
2023-08-12,6,Saturday
2023-08-13,2,Sunday
2023-08-14,3,Monday
2023-08-15,7,Tuesday
2023-08-16,2,Wednesday
2023-08-17,7,Thursday
2023-08-18,2,Friday
2023-08-19,3,Saturday
2023-08-20,1,Sunday
2023-08-21,4,Monday
2023-08-22,5,Tuesday
2023-08-23,8,Wednesday
2023-08-24,8,Thursday
2023-08-25,4,Friday
2023-08-26,2,Saturday
2023-08-27,2,Sunday
2023-08-28,7,Monday
2023-08-29,6,Tuesday
2023-08-30,3,Wednesday
2023-08-31,5,Thursday
2023-09-01,5,Friday
2023-09-02,2,Saturday
2023-09-03,2,Sunday
2023-09-04,9,Monday
2023-09-05,6,Tuesday
2023-09-06,4,Wednesday
2023-09-07,12,Thursday
2023-09-08,3,Friday
2023-09-09,4,Saturday
2023-09-10,1,Sunday
2023-09-11,4,Monday
2023-09-12,6,Tuesday
2023-09-13,5,Wednesday
2023-09-14,6,Thursday
2023-09-15,6,Friday
2023-09-16,2,Saturday
2023-09-17,2,Sunday
2023-09-18,10,Monday
2023-09-19,7,Tuesday
2023-09-20,3,Wednesday
2023-09-21,9,Thursday
2023-09-22,3,Friday
2023-09-23,1,Saturday
2023-09-24,1,Sunday
2023-09-25,5,Monday
2023-09-26,8,Tuesday
2023-09-27,5,Wednesday
2023-09-28,10,Thursday
2023-09-29,3,Friday
2023-09-30,4,Saturday
2023-10-01,2,Sunday
2023-10-02,8,Monday
2023-10-03,5,Tuesday
2023-10-04,4,Wednesday
2023-10-05,10,Thursday
2023-10-06,11,Friday
2023-10-07,5,Saturday
2023-10-08,3,Sunday
2023-10-09,3,Monday
2023-10-10,4,Tuesday
2023-10-11,7,Wednesday
2023-10-12,9,Thursday
2023-10-13,5,Friday
2023-10-14,5,Saturday
2023-10-15,4,Sunday
2023-10-16,6,Monday
2023-10-17,9,Tuesday
2023-10-18,8,Wednesday
2023-10-19,9,Thursday
2023-10-20,11,Friday
2023-10-21,4,Saturday
2023-10-22,4,Sunday
2023-10-23,3,Monday
2023-10-24,7,Tuesday
2023-10-25,4,Wednesday
2023-10-26,8,Thursday
2023-10-27,4,Friday
2023-10-28,3,Saturday
2023-10-29,2,Sunday
2023-10-30,4,Monday
2023-10-31,9,Tuesday
2023-11-01,1,Wednesday
2023-11-02,11,Thursday
2023-11-03,7,Friday
2023-11-04,4,Saturday
2023-11-05,2,Sunday
2023-11-06,5,Monday
2023-11-07,10,Tuesday
2023-11-08,6,Wednesday
2023-11-09,7,Thursday
2023-11-10,3,Friday
2023-11-11,5,Saturday
2023-11-12,5,Sunday
2023-11-13,8,Monday
2023-11-14,7,Tuesday
2023-11-15,3,Wednesday
2023-11-16,3,Thursday
2023-11-17,4,Friday
2023-11-18,3,Saturday
2023-11-19,7,Sunday
2023-11-20,8,Monday
2023-11-21,13,Tuesday
2023-11-22,9,Wednesday
2023-11-23,7,Thursday
2023-11-24,13,Friday
2023-11-25,6,Saturday
2023-11-26,5,Sunday
2023-11-27,5,Monday
2023-11-28,11,Tuesday
2023-11-29,3,Wednesday
2023-11-30,10,Thursday
2023-12-01,16,Friday
2023-12-02,7,Saturday
2023-12-03,2,Sunday
2023-12-04,13,Monday
2023-12-05,7,Tuesday
2023-12-06,11,Wednesday
2023-12-07,4,Thursday
2023-12-08,7,Friday
2023-12-09,6,Saturday
2023-12-10,5,Sunday
2023-12-11,8,Monday
2023-12-12,12,Tuesday
2023-12-13,8,Wednesday
2023-12-14,4,Thursday
2023-12-15,7,Friday
2023-12-16,6,Saturday
2023-12-17,6,Sunday
2023-12-18,7,Monday
2023-12-19,8,Tuesday
2023-12-20,10,Wednesday
2023-12-21,17,Thursday
2023-12-22,8,Friday
2023-12-23,3,Saturday
2023-12-24,5,Sunday
2023-12-25,11,Monday
2023-12-26,8,Tuesday
2023-12-27,7,Wednesday
2023-12-28,9,Thursday
2023-12-29,8,Friday
2023-12-30,6,Saturday
2023-12-31,6,Sunday
2024-01-01,3,Monday
2024-01-02,4,Tuesday
2024-01-03,5,Wednesday
2024-01-04,4,Thursday
2024-01-05,5,Friday
2024-01-06,6,Saturday
2024-01-07,6,Sunday
2024-01-08,2,Monday
2024-01-09,10,Tuesday
2024-01-10,10,Wednesday
2024-01-11,9,Thursday
2024-01-12,5,Friday
2024-01-13,3,Saturday
2024-01-14,3,Sunday
2024-01-15,6,Monday
2024-01-16,7,Tuesday
2024-01-17,6,Wednesday
2024-01-18,10,Thursday
2024-01-19,4,Friday
2024-01-20,7,Saturday
2024-01-21,3,Sunday
2024-01-22,6,Monday
2024-01-23,5,Tuesday
2024-01-24,11,Wednesday
2024-01-25,16,Thursday
2024-01-26,5,Friday
2024-01-27,3,Saturday
2024-01-28,6,Sunday
2024-01-29,7,Monday
2024-01-30,9,Tuesday
2024-01-31,7,Wednesday
2024-02-01,10,Thursday
2024-02-02,6,Friday
2024-02-03,3,Saturday
2024-02-04,6,Sunday
2024-02-05,8,Monday
2024-02-06,9,Tuesday
2024-02-07,10,Wednesday
2024-02-08,10,Thursday
2024-02-09,9,Friday
2024-02-10,3,Saturday
2024-02-11,4,Sunday
2024-02-12,10,Monday
2024-02-13,10,Tuesday
2024-02-14,5,Wednesday
2024-02-15,8,Thursday
2024-02-16,9,Friday
2024-02-17,9,Saturday
2024-02-18,7,Sunday
2024-02-19,8,Monday
2024-02-20,12,Tuesday
2024-02-21,9,Wednesday
2024-02-22,12,Thursday
2024-02-23,4,Friday
2024-02-24,4,Saturday
2024-02-25,4,Sunday
2024-02-26,4,Monday
2024-02-27,5,Tuesday
2024-02-28,9,Wednesday
2024-02-29,11,Thursday
2024-03-01,6,Friday
2024-03-02,4,Saturday
2024-03-03,5,Sunday
2024-03-04,8,Monday
2024-03-05,5,Tuesday
2024-03-06,6,Wednesday
2024-03-07,10,Thursday
2024-03-08,5,Friday
2024-03-09,8,Saturday
2024-03-10,5,Sunday
2024-03-11,11,Monday
2024-03-12,7,Tuesday
2024-03-13,9,Wednesday
2024-03-14,9,Thursday
2024-03-15,8,Friday
2024-03-16,2,Saturday
2024-03-17,5,Sunday
2024-03-18,11,Monday
2024-03-19,10,Tuesday
2024-03-20,11,Wednesday
2024-03-21,16,Thursday
2024-03-22,11,Friday
2024-03-23,5,Saturday
2024-03-24,1,Sunday
2024-03-25,10,Monday
2024-03-26,12,Tuesday
2024-03-27,11,Wednesday
2024-03-28,10,Thursday
2024-03-29,7,Friday
2024-03-30,4,Saturday
2024-03-31,11,Sunday
2024-04-01,11,Monday
2024-04-02,6,Tuesday
2024-04-03,10,Wednesday
2024-04-04,11,Thursday
2024-04-05,14,Friday
2024-04-06,10,Saturday
2024-04-07,8,Sunday
2024-04-08,11,Monday
2024-04-09,12,Tuesday
2024-04-10,6,Wednesday
2024-04-11,17,Thursday
2024-04-12,11,Friday
2024-04-13,5,Saturday
2024-04-14,4,Sunday
2024-04-15,12,Monday
2024-04-16,10,Tuesday
2024-04-17,9,Wednesday
2024-04-18,7,Thursday
2024-04-19,5,Friday
2024-04-20,3,Saturday
2024-04-21,4,Sunday
2024-04-22,14,Monday
2024-04-23,11,Tuesday
2024-04-24,8,Wednesday
2024-04-25,9,Thursday
2024-04-26,9,Friday
2024-04-27,10,Saturday
2024-04-28,5,Sunday
2024-04-29,11,Monday
2024-04-30,7,Tuesday
2024-05-01,3,Wednesday
2024-05-02,6,Thursday
2024-05-03,12,Friday
2024-05-04,8,Saturday
2024-05-05,3,Sunday
2024-05-06,7,Monday
2024-05-07,9,Tuesday
2024-05-08,12,Wednesday
2024-05-09,7,Thursday
2024-05-10,8,Friday
2024-05-11,3,Saturday
2024-05-12,4,Sunday
2024-05-13,7,Monday
2024-05-14,9,Tuesday
2024-05-15,5,Wednesday
2024-05-16,13,Thursday
2024-05-17,6,Friday
2024-05-18,5,Saturday
2024-05-19,4,Sunday
2024-05-20,11,Monday
2024-05-21,12,Tuesday
2024-05-22,12,Wednesday
2024-05-23,7,Thursday
2024-05-24,4,Friday
2024-05-25,5,Saturday
2024-05-26,6,Sunday
2024-05-27,10,Monday
2024-05-28,6,Tuesday
2024-05-29,9,Wednesday
2024-05-30,9,Thursday
2024-05-31,8,Friday
2024-06-01,6,Saturday
2024-06-02,7,Sunday
2024-06-03,14,Monday
2024-06-04,11,Tuesday
2024-06-05,7,Wednesday
2024-06-06,14,Thursday
2024-06-07,7,Friday
2024-06-08,4,Saturday
2024-06-09,5,Sunday
2024-06-10,13,Monday
2024-06-11,10,Tuesday
2024-06-12,8,Wednesday
2024-06-13,12,Thursday
2024-06-14,14,Friday
2024-06-15,6,Saturday
2024-06-16,10,Sunday
2024-06-17,8,Monday
2024-06-18,12,Tuesday
2024-06-19,10,Wednesday
2024-06-20,18,Thursday
2024-06-21,9,Friday
2024-06-22,6,Saturday
2024-06-23,5,Sunday
2024-06-24,17,Monday
2024-06-25,13,Tuesday
2024-06-26,9,Wednesday
2024-06-27,12,Thursday
2024-06-28,10,Friday
2024-06-29,4,Saturday
2024-06-30,6,Sunday
2024-07-01,17,Monday
2024-07-02,10,Tuesday
2024-07-03,8,Wednesday
2024-07-04,12,Thursday
2024-07-05,7,Friday
2024-07-06,4,Saturday
2024-07-07,4,Sunday
2024-07-08,14,Monday
2024-07-09,11,Tuesday
2024-07-10,5,Wednesday
2024-07-11,15,Thursday
2024-07-12,9,Friday
2024-07-13,3,Saturday
2024-07-14,2,Sunday
2024-07-15,14,Monday
2024-07-16,13,Tuesday
2024-07-17,9,Wednesday
2024-07-18,14,Thursday
2024-07-19,9,Friday
2024-07-20,8,Saturday
2024-07-21,3,Sunday
2024-07-22,10,Monday
2024-07-23,7,Tuesday
2024-07-24,9,Wednesday
2024-07-25,13,Thursday
2024-07-26,7,Friday
2024-07-27,6,Saturday
2024-07-28,6,Sunday
2024-07-29,11,Monday
2024-07-30,6,Tuesday
2024-07-31,14,Wednesday
2024-08-01,6,Thursday
2024-08-02,12,Friday
2024-08-03,5,Saturday
2024-08-04,6,Sunday
2024-08-05,12,Monday
2024-08-06,14,Tuesday
2024-08-07,6,Wednesday
2024-08-08,11,Thursday
2024-08-09,8,Friday
2024-08-10,6,Saturday
2024-08-11,7,Sunday
2024-08-12,13,Monday
2024-08-13,11,Tuesday
2024-08-14,8,Wednesday
2024-08-15,10,Thursday
2024-08-16,7,Friday
2024-08-17,7,Saturday
2024-08-18,6,Sunday
2024-08-19,18,Monday
2024-08-20,12,Tuesday
2024-08-21,14,Wednesday
2024-08-22,15,Thursday
2024-08-23,5,Friday
2024-08-24,9,Saturday
2024-08-25,8,Sunday
2024-08-26,17,Monday
2024-08-27,10,Tuesday
2024-08-28,14,Wednesday
2024-08-29,11,Thursday
2024-08-30,14,Friday
2024-08-31,10,Saturday
2024-09-01,7,Sunday
2024-09-02,12,Monday
2024-09-03,7,Tuesday
2024-09-04,16,Wednesday
2024-09-05,15,Thursday
2024-09-06,11,Friday
2024-09-07,4,Saturday
2024-09-08,9,Sunday
2024-09-09,16,Monday
2024-09-10,12,Tuesday
2024-09-11,10,Wednesday
2024-09-12,15,Thursday
2024-09-13,11,Friday
2024-09-14,8,Saturday
2024-09-15,5,Sunday
2024-09-16,16,Monday
2024-09-17,14,Tuesday
2024-09-18,10,Wednesday
2024-09-19,14,Thursday
2024-09-20,12,Friday
2024-09-21,8,Saturday
2024-09-22,6,Sunday
2024-09-23,21,Monday
2024-09-24,11,Tuesday
2024-09-25,9,Wednesday
2024-09-26,11,Thursday
2024-09-27,15,Friday
2024-09-28,3,Saturday
2024-09-29,5,Sunday
2024-09-30,21,Monday
2024-10-01,11,Tuesday
2024-10-02,11,Wednesday
2024-10-03,15,Thursday
2024-10-04,6,Friday
2024-10-05,5,Saturday
2024-10-06,6,Sunday
2024-10-07,24,Monday
2024-10-08,11,Tuesday
2024-10-09,11,Wednesday
2024-10-10,17,Thursday
2024-10-11,13,Friday
2024-10-12,9,Saturday
2024-10-13,5,Sunday
2024-10-14,21,Monday
2024-10-15,13,Tuesday
2024-10-16,13,Wednesday
2024-10-17,19,Thursday
2024-10-18,17,Friday
2024-10-19,4,Saturday
2024-10-20,7,Sunday
2024-10-21,17,Monday
2024-10-22,11,Tuesday
2024-10-23,14,Wednesday
2024-10-24,8,Thursday
2024-10-25,10,Friday
2024-10-26,8,Saturday
2024-10-27,7,Sunday
2024-10-28,11,Monday
2024-10-29,15,Tuesday
2024-10-30,12,Wednesday
2024-10-31,15,Thursday
2024-11-01,13,Friday
2024-11-02,9,Saturday
2024-11-03,7,Sunday
2024-11-04,12,Monday
2024-11-05,14,Tuesday
2024-11-06,17,Wednesday
2024-11-07,19,Thursday
2024-11-08,15,Friday
2024-11-09,7,Saturday
2024-11-10,10,Sunday
2024-11-11,13,Monday
2024-11-12,9,Tuesday
2024-11-13,15,Wednesday
2024-11-14,17,Thursday
2024-11-15,11,Friday
2024-11-16,5,Saturday
2024-11-17,8,Sunday
2024-11-18,20,Monday
2024-11-19,15,Tuesday
2024-11-20,13,Wednesday
2024-11-21,19,Thursday
2024-11-22,12,Friday
2024-11-23,8,Saturday
2024-11-24,9,Sunday
2024-11-25,21,Monday
2024-11-26,12,Tuesday
2024-11-27,11,Wednesday
2024-11-28,15,Thursday
2024-11-29,16,Friday
2024-11-30,6,Saturday
2024-12-01,9,Sunday
2024-12-02,14,Monday
2024-12-03,12,Tuesday
2024-12-04,16,Wednesday
2024-12-05,21,Thursday
2024-12-06,18,Friday
2024-12-07,8,Saturday
2024-12-08,6,Sunday
2024-12-09,18,Monday
2024-12-10,14,Tuesday
2024-12-11,13,Wednesday
2024-12-12,26,Thursday
2024-12-13,15,Friday
2024-12-14,8,Saturday
2024-12-15,8,Sunday
2024-12-16,15,Monday
2024-12-17,12,Tuesday
2024-12-18,13,Wednesday
2024-12-19,14,Thursday
2024-12-20,20,Friday
2024-12-21,12,Saturday
2024-12-22,8,Sunday
2024-12-23,20,Monday
2024-12-24,18,Tuesday
2024-12-25,21,Wednesday
2024-12-26,16,Thursday
2024-12-27,15,Friday
2024-12-28,13,Saturday
2024-12-29,7,Sunday
2024-12-30,12,Monday
2024-12-31,7,Tuesday
2025-01-01,7,Wednesday
2025-01-02,5,Thursday
2025-01-03,8,Friday
2025-01-04,7,Saturday
2025-01-05,6,Sunday
2025-01-06,14,Monday
2025-01-07,8,Tuesday
2025-01-08,8,Wednesday
2025-01-09,13,Thursday
2025-01-10,11,Friday
2025-01-11,11,Saturday
2025-01-12,8,Sunday
2025-01-13,19,Monday
2025-01-14,10,Tuesday
2025-01-15,16,Wednesday
2025-01-16,16,Thursday
2025-01-17,20,Friday
2025-01-18,8,Saturday
2025-01-19,7,Sunday
2025-01-20,17,Monday
2025-01-21,16,Tuesday
2025-01-22,19,Wednesday
2025-01-23,15,Thursday
2025-01-24,17,Friday
2025-01-25,13,Saturday
2025-01-26,8,Sunday
2025-01-27,16,Monday
2025-01-28,15,Tuesday
2025-01-29,22,Wednesday
2025-01-30,19,Thursday
2025-01-31,24,Friday
2025-02-01,8,Saturday
2025-02-02,11,Sunday
2025-02-03,22,Monday
2025-02-04,13,Tuesday
2025-02-05,16,Wednesday
2025-02-06,14,Thursday
2025-02-07,15,Friday
2025-02-08,13,Saturday
2025-02-09,12,Sunday
2025-02-10,22,Monday
2025-02-11,13,Tuesday
2025-02-12,19,Wednesday
2025-02-13,21,Thursday
2025-02-14,18,Friday
2025-02-15,12,Saturday
2025-02-16,9,Sunday
2025-02-17,16,Monday
2025-02-18,13,Tuesday
2025-02-19,20,Wednesday
2025-02-20,18,Thursday
2025-02-21,19,Friday
2025-02-22,10,Saturday
2025-02-23,11,Sunday
2025-02-24,20,Monday
2025-02-25,18,Tuesday
2025-02-26,23,Wednesday
2025-02-27,17,Thursday
2025-02-28,22,Friday
2025-03-01,19,Saturday
2025-03-02,13,Sunday
2025-03-03,20,Monday
2025-03-04,15,Tuesday
2025-03-05,16,Wednesday
2025-03-06,18,Thursday
2025-03-07,15,Friday
2025-03-08,8,Saturday
2025-03-09,16,Sunday
2025-03-10,24,Monday
2025-03-11,19,Tuesday
2025-03-12,22,Wednesday
2025-03-13,16,Thursday
2025-03-14,22,Friday
2025-03-15,11,Saturday
2025-03-16,14,Sunday
2025-03-17,22,Monday
2025-03-18,14,Tuesday
2025-03-19,23,Wednesday
2025-03-20,20,Thursday
2025-03-21,23,Friday
2025-03-22,11,Saturday
2025-03-23,11,Sunday
2025-03-24,20,Monday
2025-03-25,21,Tuesday
2025-03-26,18,Wednesday
2025-03-27,15,Thursday
2025-03-28,24,Friday
2025-03-29,12,Saturday
2025-03-30,10,Sunday
2025-03-31,20,Monday
2025-04-01,25,Tuesday
2025-04-02,19,Wednesday
2025-04-03,17,Thursday
2025-04-04,17,Friday
2025-04-05,12,Saturday
2025-04-06,10,Sunday
2025-04-07,25,Monday
2025-04-08,19,Tuesday
2025-04-09,22,Wednesday
2025-04-10,21,Thursday
2025-04-11,14,Friday
2025-04-12,9,Saturday
2025-04-13,15,Sunday
2025-04-14,22,Monday
2025-04-15,14,Tuesday
2025-04-16,16,Wednesday
2025-04-17,19,Thursday
2025-04-18,11,Friday
2025-04-19,10,Saturday
2025-04-20,7,Sunday
2025-04-21,16,Monday
2025-04-22,24,Tuesday
2025-04-23,21,Wednesday
2025-04-24,18,Thursday
2025-04-25,16,Friday
2025-04-26,8,Saturday
2025-04-27,15,Sunday
2025-04-28,24,Monday
2025-04-29,26,Tuesday
2025-04-30,28,Wednesday
2025-05-01,10,Thursday
2025-05-02,11,Friday
2025-05-03,8,Saturday
2025-05-04,8,Sunday
2025-05-05,28,Monday
2025-05-06,21,Tuesday
2025-05-07,27,Wednesday
2025-05-08,13,Thursday
2025-05-09,7,Friday
2025-05-10,8,Saturday
2025-05-11,10,Sunday
2025-05-12,19,Monday
2025-05-13,16,Tuesday
2025-05-14,22,Wednesday
2025-05-15,21,Thursday
2025-05-16,20,Friday
2025-05-17,9,Saturday
2025-05-18,9,Sunday
2025-05-19,26,Monday
2025-05-20,17,Tuesday
2025-05-21,23,Wednesday
2025-05-22,17,Thursday
2025-05-23,25,Friday
2025-05-24,10,Saturday
2025-05-25,13,Sunday
2025-05-26,24,Monday
2025-05-27,25,Tuesday
2025-05-28,20,Wednesday
2025-05-29,24,Thursday
2025-05-30,18,Friday
2025-05-31,13,Saturday
2025-06-01,12,Sunday
2025-06-02,26,Monday
2025-06-03,21,Tuesday
2025-06-04,21,Wednesday
2025-06-05,19,Thursday
2025-06-06,22,Friday
2025-06-07,16,Saturday
2025-06-08,18,Sunday
2025-06-09,29,Monday
2025-06-10,19,Tuesday
2025-06-11,24,Wednesday
2025-06-12,16,Thursday
2025-06-13,17,Friday
2025-06-14,11,Saturday
2025-06-15,12,Sunday
2025-06-16,28,Monday
2025-06-17,24,Tuesday
2025-06-18,20,Wednesday
2025-06-19,24,Thursday
2025-06-20,22,Friday
2025-06-21,10,Saturday
2025-06-22,10,Sunday
2025-06-23,31,Monday
2025-06-24,21,Tuesday
2025-06-25,18,Wednesday
2025-06-26,23,Thursday
2025-06-27,16,Friday
2025-06-28,14,Saturday
2025-06-29,14,Sunday
2025-06-30,33,Monday
2025-07-01,26,Tuesday
2025-07-02,25,Wednesday
2025-07-03,29,Thursday
2025-07-04,23,Friday
2025-07-05,12,Saturday
2025-07-06,10,Sunday
2025-07-07,18,Monday
2025-07-08,28,Tuesday
2025-07-09,21,Wednesday
2025-07-10,34,Thursday
2025-07-11,17,Friday
2025-07-12,13,Saturday
2025-07-13,10,Sunday
2025-07-14,22,Monday
2025-07-15,30,Tuesday
2025-07-16,25,Wednesday
2025-07-17,24,Thursday
2025-07-18,18,Friday
2025-07-19,12,Saturday
2025-07-20,14,Sunday
2025-07-21,26,Monday
2025-07-22,34,Tuesday
2025-07-23,33,Wednesday
2025-07-24,36,Thursday
2025-07-25,31,Friday
2025-07-26,10,Saturday
2025-07-27,10,Sunday
2025-07-28,30,Monday
2025-07-29,32,Tuesday
2025-07-30,23,Wednesday
2025-07-31,37,Thursday
2025-08-01,31,Friday
2025-08-02,14,Saturday
2025-08-03,8,Sunday
2025-08-04,32,Monday
2025-08-05,27,Tuesday
2025-08-06,29,Wednesday
2025-08-07,38,Thursday
2025-08-08,30,Friday
2025-08-09,14,Saturday
2025-08-10,10,Sunday
2025-08-11,21,Monday
2025-08-12,31,Tuesday
2025-08-13,19,Wednesday
2025-08-14,20,Thursday
2025-08-15,30,Friday
2025-08-16,11,Saturday
2025-08-17,16,Sunday
2025-08-18,27,Monday
2025-08-19,28,Tuesday
2025-08-20,25,Wednesday
2025-08-21,24,Thursday
2025-08-22,25,Friday
2025-08-23,9,Saturday
2025-08-24,22,Sunday
2025-08-25,25,Monday
2025-08-26,31,Tuesday
2025-08-27,29,Wednesday
2025-08-28,30,Thursday
2025-08-29,21,Friday
2025-08-30,16,Saturday
2025-08-31,9,Sunday
2025-09-01,37,Monday
2025-09-02,30,Tuesday
2025-09-03,23,Wednesday
2025-09-04,41,Thursday
2025-09-05,33,Friday
2025-09-06,25,Saturday
2025-09-07,12,Sunday
2025-09-08,26,Monday
2025-09-09,29,Tuesday
2025-09-10,25,Wednesday
2025-09-11,28,Thursday
2025-09-12,26,Friday
2025-09-13,16,Saturday
2025-09-14,19,Sunday
2025-09-15,26,Monday
2025-09-16,37,Tuesday
2025-09-17,28,Wednesday
2025-09-18,31,Thursday
2025-09-19,29,Friday
2025-09-20,23,Saturday
2025-09-21,19,Sunday
2025-09-22,33,Monday
2025-09-23,34,Tuesday
2025-09-24,34,Wednesday
2025-09-25,29,Thursday
2025-09-26,33,Friday
2025-09-27,18,Saturday
2025-09-28,14,Sunday
2025-09-29,36,Monday
2025-09-30,36,Tuesday
2025-10-01,33,Wednesday
2025-10-02,31,Thursday
2025-10-03,26,Friday
2025-10-04,15,Saturday
2025-10-05,18,Sunday
2025-10-06,49,Monday
2025-10-07,38,Tuesday
2025-10-08,35,Wednesday
2025-10-09,37,Thursday
2025-10-10,31,Friday
2025-10-11,13,Saturday
2025-10-12,12,Sunday
2025-10-13,40,Monday
2025-10-14,43,Tuesday
2025-10-15,30,Wednesday
2025-10-16,38,Thursday
2025-10-17,29,Friday
2025-10-18,16,Saturday
2025-10-19,15,Sunday
2025-10-20,41,Monday
2025-10-21,38,Tuesday
2025-10-22,32,Wednesday
2025-10-23,45,Thursday
2025-10-24,39,Friday
2025-10-25,23,Saturday
2025-10-26,16,Sunday
2025-10-27,23,Monday
2025-10-28,35,Tuesday
2025-10-29,37,Wednesday
2025-10-30,43,Thursday
2025-10-31,35,Friday
2025-11-01,37,Saturday
2025-11-02,22,Sunday
2025-11-03,22,Monday
2025-11-04,35,Tuesday
2025-11-05,36,Wednesday
2025-11-06,37,Thursday
2025-11-07,40,Friday
2025-11-08,13,Saturday
2025-11-09,19,Sunday
2025-11-10,41,Monday
2025-11-11,30,Tuesday
2025-11-12,35,Wednesday
2025-11-13,46,Thursday
2025-11-14,44,Friday
2025-11-15,29,Saturday
2025-11-16,14,Sunday
2025-11-17,41,Monday
2025-11-18,46,Tuesday
2025-11-19,32,Wednesday
2025-11-20,49,Thursday
2025-11-21,38,Friday
2025-11-22,18,Saturday
2025-11-23,25,Sunday
2025-11-24,49,Monday
2025-11-25,37,Tuesday
2025-11-26,43,Wednesday
2025-11-27,50,Thursday
2025-11-28,41,Friday
2025-11-29,26,Saturday
2025-11-30,28,Sunday
2025-12-01,56,Monday
2025-12-02,61,Tuesday
2025-12-03,41,Wednesday
2025-12-04,40,Thursday
2025-12-05,55,Friday
2025-12-06,31,Saturday
2025-12-07,25,Sunday
2025-12-08,51,Monday
2025-12-09,47,Tuesday
2025-12-10,53,Wednesday
2025-12-11,55,Thursday
2025-12-12,47,Friday
2025-12-13,31,Saturday
2025-12-14,21,Sunday
2025-12-15,51,Monday
2025-12-16,57,Tuesday
2025-12-17,38,Wednesday
2025-12-18,55,Thursday
2025-12-19,48,Friday
2025-12-20,27,Saturday
2025-12-21,28,Sunday
2025-12-22,68,Monday
2025-12-23,61,Tuesday
2025-12-24,58,Wednesday
2025-12-25,65,Thursday
2025-12-26,55,Friday
2025-12-27,29,Saturday
2025-12-28,33,Sunday
2025-12-29,88,Monday
2025-12-30,87,Tuesday
2025-12-31,59,Wednesday
2026-01-01,41,Thursday
2026-01-02,64,Friday
2026-01-03,60,Saturday
2026-01-04,74,Sunday
2026-01-05,75,Monday
2026-01-06,75,Tuesday
2026-01-07,74,Wednesday
2026-01-08,76,Thursday
2026-01-09,88,Friday
2026-01-10,50,Saturday
2026-01-11,62,Sunday
2026-01-12,130,Monday
2026-01-13,130,Tuesday
2026-01-14,84,Wednesday
